path,module,is_test,has_main_guard,cli_frameworks,static_inbound_count,non_test_static_inbound_count,static_outbound_count,workflow_reference_count,dynamic_import_indicator_count,execution_reference_count,test_reference_count,supported_root_count,reachable_from_supported_static_root,zero_static_inbound,authority_profile,disposition
api/athenizer.py,api.athenizer,False,False,,1,1,1,0,0,0,0,0,False,False,UNKNOWN,UNCLASSIFIED
api/client.py,api.client,False,False,,0,0,0,0,0,0,0,0,False,True,UNKNOWN,UNCLASSIFIED
api/curl_json_client.py,api.curl_json_client,False,False,,3,2,0,0,0,1,1,0,False,False,UNKNOWN,UNCLASSIFIED
api/export.py,api.export,False,False,,2,1,1,0,0,0,1,0,False,False,UNKNOWN,UNCLASSIFIED
api/football_api.py,api.football_api,False,False,,7,6,1,0,0,0,1,0,False,False,UNKNOWN,UNCLASSIFIED
api/football_data_org_provider.py,api.football_data_org_provider,False,False,,3,2,1,0,0,0,1,0,False,False,UNKNOWN,UNCLASSIFIED
api/fotmob_provider.py,api.fotmob_provider,False,False,,1,1,0,0,0,1,0,0,False,False,UNKNOWN,UNCLASSIFIED
api/injuries_api.py,api.injuries_api,False,False,,0,0,0,0,0,0,0,0,False,True,UNKNOWN,UNCLASSIFIED
api/lineup_api.py,api.lineup_api,False,False,,0,0,0,0,0,0,0,0,False,True,UNKNOWN,UNCLASSIFIED
api/news_api.py,api.news_api,False,False,,0,0,0,0,0,0,0,0,False,True,UNKNOWN,UNCLASSIFIED
api/odds_api.py,api.odds_api,False,False,,0,0,0,0,0,0,0,0,False,True,UNKNOWN,UNCLASSIFIED
api/openfootball_provider.py,api.openfootball_provider,False,False,,2,2,0,0,0,0,0,1,True,False,UNKNOWN,UNCLASSIFIED
api/referee_api.py,api.referee_api,False,False,,0,0,0,0,0,0,0,0,False,True,UNKNOWN,UNCLASSIFIED
api/server.py,api.server,False,True,DIRECT_PYTHON_ENTRYPOINT,5,1,4,0,0,0,4,0,False,False,UNKNOWN,UNCLASSIFIED
api/weather_api.py,api.weather_api,False,False,,0,0,0,0,0,0,0,0,False,True,UNKNOWN,UNCLASSIFIED
app.py,app,False,True,DIRECT_PYTHON_ENTRYPOINT,0,0,1,0,0,0,0,0,False,True,UNKNOWN,UNCLASSIFIED
build_acca.py,build_acca,False,True,DIRECT_PYTHON_ENTRYPOINT|TYPER_ENTRYPOINT,6,4,20,0,0,0,2,1,True,False,UNKNOWN,UNCLASSIFIED
check_db.py,check_db,False,False,,0,0,0,0,0,0,0,0,False,True,UNKNOWN,UNCLASSIFIED
config/competition_mapping.py,config.competition_mapping,False,False,,2,2,0,0,0,0,0,0,False,False,UNKNOWN,UNCLASSIFIED
config/competition_review_priority.py,config.competition_review_priority,False,False,,6,3,1,0,0,0,3,3,True,False,UNKNOWN,UNCLASSIFIED
config/international.py,config.international,False,False,,0,0,0,0,0,0,0,0,False,True,UNKNOWN,UNCLASSIFIED
config/league_priority.py,config.league_priority,False,False,,4,3,0,0,0,0,1,3,True,False,UNKNOWN,UNCLASSIFIED
config/leagues.py,config.leagues,False,False,,0,0,0,0,0,0,0,0,False,True,UNKNOWN,UNCLASSIFIED
config/markets.py,config.markets,False,False,,0,0,0,0,0,0,0,0,False,True,UNKNOWN,UNCLASSIFIED
config/openfootball_mapping.py,config.openfootball_mapping,False,False,,1,1,0,0,0,0,0,1,True,False,UNKNOWN,UNCLASSIFIED
config/profiles.py,config.profiles,False,False,,0,0,0,0,0,0,0,0,False,True,UNKNOWN,UNCLASSIFIED
config/settings.py,config.settings,False,False,,7,7,0,0,0,0,0,0,False,False,UNKNOWN,UNCLASSIFIED
config/supported_leagues.py,config.supported_leagues,False,False,,3,3,0,0,0,0,0,0,False,False,UNKNOWN,UNCLASSIFIED
core/__init__.py,core,False,False,,0,0,0,0,0,0,0,0,False,True,UNKNOWN,UNCLASSIFIED
core/application.py,core.application,False,False,,1,1,8,0,0,0,0,0,False,False,UNKNOWN,UNCLASSIFIED
core/banner.py,core.banner,False,False,,1,1,0,0,0,0,0,0,False,False,UNKNOWN,UNCLASSIFIED
core/health.py,core.health,False,False,,1,1,0,0,0,0,0,0,False,False,UNKNOWN,UNCLASSIFIED
core/logger.py,core.logger,False,False,,1,1,0,0,0,0,0,0,False,False,UNKNOWN,UNCLASSIFIED
database/__init__.py,database,False,False,,0,0,1,0,0,0,0,0,False,True,UNKNOWN,UNCLASSIFIED
database/cache.py,database.cache,False,False,,0,0,0,0,0,0,0,0,False,True,UNKNOWN,UNCLASSIFIED
database/database.py,database.database,False,False,,31,24,0,0,0,0,7,1,True,False,UNKNOWN,UNCLASSIFIED
database/fixture_repository.py,database.fixture_repository,False,False,,1,1,0,0,0,0,0,0,False,False,UNKNOWN,UNCLASSIFIED
database/history.py,database.history,False,False,,0,0,0,0,0,0,0,0,False,True,UNKNOWN,UNCLASSIFIED
diagnose_filters.py,diagnose_filters,False,False,,0,0,12,0,0,0,0,0,False,True,UNKNOWN,UNCLASSIFIED
diagnostics_fotmob_check.py,diagnostics_fotmob_check,False,True,DIRECT_PYTHON_ENTRYPOINT,0,0,1,0,0,0,0,0,False,True,UNKNOWN,UNCLASSIFIED
diagnostics_openfootball_check.py,diagnostics_openfootball_check,False,True,DIRECT_PYTHON_ENTRYPOINT,0,0,1,0,0,0,0,0,False,True,UNKNOWN,UNCLASSIFIED
domain/__init__.py,domain,False,False,,2,0,0,0,4,0,2,0,False,False,UNKNOWN,UNCLASSIFIED
domain/_accumulator_optimizer_contracts.py,domain._accumulator_optimizer_contracts,False,False,,9,6,3,0,0,0,3,1,True,False,UNKNOWN,UNCLASSIFIED
domain/_all_market_shadow_current_binding.py,domain._all_market_shadow_current_binding,False,False,,5,3,13,0,0,0,2,1,True,False,UNKNOWN,UNCLASSIFIED
domain/_all_market_shadow_helpers.py,domain._all_market_shadow_helpers,False,False,,2,2,6,0,0,0,0,1,True,False,UNKNOWN,UNCLASSIFIED
domain/_all_market_shadow_types.py,domain._all_market_shadow_types,False,False,,10,6,3,0,0,0,4,1,True,False,UNKNOWN,UNCLASSIFIED
domain/_current_shadow_price_core.py,domain._current_shadow_price_core,False,False,,19,10,1,0,0,0,9,1,True,False,UNKNOWN,UNCLASSIFIED
domain/_current_shadow_price_helpers.py,domain._current_shadow_price_helpers,False,False,,1,1,6,0,0,0,0,1,True,False,UNKNOWN,UNCLASSIFIED
domain/_current_shadow_price_records.py,domain._current_shadow_price_records,False,False,,10,6,3,0,0,0,4,1,True,False,UNKNOWN,UNCLASSIFIED
domain/_current_shadow_price_types.py,domain._current_shadow_price_types,False,False,,0,0,3,0,0,0,0,0,False,True,UNKNOWN,UNCLASSIFIED
domain/_current_shadow_quote_binding.py,domain._current_shadow_quote_binding,False,False,,14,9,11,0,0,0,5,1,True,False,UNKNOWN,UNCLASSIFIED
domain/_current_shadow_sportybet_catalog_fanout_reconciliation_base.py,domain._current_shadow_sportybet_catalog_fanout_reconciliation_base,False,False,,1,1,5,0,0,0,0,1,True,False,UNKNOWN,UNCLASSIFIED
domain/_current_shadow_sportybet_catalog_fanout_reconciliation_candidate_local.py,domain._current_shadow_sportybet_catalog_fanout_reconciliation_candidate_local,False,False,,1,1,5,0,0,0,0,1,True,False,UNKNOWN,UNCLASSIFIED
domain/_forward_calibration_contracts.py,domain._forward_calibration_contracts,False,False,,6,5,3,0,0,0,1,1,True,False,UNKNOWN,UNCLASSIFIED
domain/_forward_calibration_fit.py,domain._forward_calibration_fit,False,False,,6,3,5,0,0,0,3,1,True,False,UNKNOWN,UNCLASSIFIED
domain/_forward_calibration_hardening.py,domain._forward_calibration_hardening,False,False,,2,1,2,0,0,0,1,0,False,False,UNKNOWN,UNCLASSIFIED
domain/_forward_calibration_projection.py,domain._forward_calibration_projection,False,False,,6,3,6,0,0,0,3,1,True,False,UNKNOWN,UNCLASSIFIED
domain/_goal_score_contracts.py,domain._goal_score_contracts,False,False,,5,5,1,0,0,0,0,1,True,False,UNKNOWN,UNCLASSIFIED
domain/_goal_score_evaluation.py,domain._goal_score_evaluation,False,False,,3,2,2,0,0,0,1,1,True,False,UNKNOWN,UNCLASSIFIED
domain/_goal_score_models.py,domain._goal_score_models,False,False,,4,4,2,0,0,0,0,1,True,False,UNKNOWN,UNCLASSIFIED
domain/_goal_score_training_sources.py,domain._goal_score_training_sources,False,False,,1,1,4,0,0,0,0,1,True,False,UNKNOWN,UNCLASSIFIED
domain/_historical_asof_features_impl.py,domain._historical_asof_features_impl,False,False,,2,1,0,0,0,0,1,1,True,False,UNKNOWN,UNCLASSIFIED
domain/_historical_training_coverage_impl.py,domain._historical_training_coverage_impl,False,False,,0,0,2,0,0,0,0,0,False,True,UNKNOWN,UNCLASSIFIED
domain/_historical_training_coverage_post_hardening.py,domain._historical_training_coverage_post_hardening,False,False,,0,0,1,0,0,0,0,0,False,True,UNKNOWN,UNCLASSIFIED
domain/_historical_training_coverage_row_issuance.py,domain._historical_training_coverage_row_issuance,False,False,,0,0,1,0,0,0,0,0,False,True,UNKNOWN,UNCLASSIFIED
domain/_market_router_context.py,domain._market_router_context,False,False,,4,3,2,0,0,0,1,0,False,False,UNKNOWN,UNCLASSIFIED
domain/_market_router_contracts.py,domain._market_router_contracts,False,False,,15,11,2,0,0,0,4,1,True,False,UNKNOWN,UNCLASSIFIED
domain/_market_router_v2_contracts.py,domain._market_router_v2_contracts,False,False,,4,3,3,0,0,0,1,1,True,False,UNKNOWN,UNCLASSIFIED
domain/_portfolio_optimizer_v2_direct_provider_contracts.py,domain._portfolio_optimizer_v2_direct_provider_contracts,False,False,,5,3,4,0,0,0,2,1,True,False,UNKNOWN,UNCLASSIFIED
domain/_price_all_contracts.py,domain._price_all_contracts,False,False,,17,9,8,0,0,0,8,1,True,False,UNKNOWN,UNCLASSIFIED
domain/accumulator_optimizer.py,domain.accumulator_optimizer,False,False,,4,1,8,0,0,0,3,0,False,False,UNKNOWN,UNCLASSIFIED
domain/accumulator_priority.py,domain.accumulator_priority,False,False,,3,1,3,0,0,0,2,1,True,False,UNKNOWN,UNCLASSIFIED
domain/current_all_market_shadow_probability_settlement.py,domain.current_all_market_shadow_probability_settlement,False,False,,5,1,11,0,0,0,4,1,True,False,UNKNOWN,UNCLASSIFIED
domain/current_direct_provider_canonical_market_mapping_rebind.py,domain.current_direct_provider_canonical_market_mapping_rebind,False,False,,6,4,5,0,0,0,2,1,True,False,UNKNOWN,UNCLASSIFIED
domain/current_direct_provider_live_quote_mapping_consumption.py,domain.current_direct_provider_live_quote_mapping_consumption,False,False,,4,2,4,0,0,0,2,1,True,False,UNKNOWN,UNCLASSIFIED
domain/current_fotmob_durable_fresh_history_prefix.py,domain.current_fotmob_durable_fresh_history_prefix,False,False,,2,1,6,0,0,0,1,2,True,False,UNKNOWN,UNCLASSIFIED
domain/current_fotmob_fixture_candidate_adapter.py,domain.current_fotmob_fixture_candidate_adapter,False,False,,7,4,4,0,0,0,3,2,True,False,UNKNOWN,UNCLASSIFIED
domain/current_fotmob_fixture_review_policy.py,domain.current_fotmob_fixture_review_policy,False,False,,8,3,3,0,0,0,5,2,True,False,UNKNOWN,UNCLASSIFIED
domain/current_fotmob_latest_durable_fresh_history.py,domain.current_fotmob_latest_durable_fresh_history,False,False,,14,9,6,0,0,0,5,2,True,False,UNKNOWN,UNCLASSIFIED
domain/current_fotmob_provider_native_qualification.py,domain.current_fotmob_provider_native_qualification,False,False,,5,1,3,0,0,0,4,2,True,False,UNKNOWN,UNCLASSIFIED
domain/current_fotmob_utc_native_current_asof_elo_only.py,domain.current_fotmob_utc_native_current_asof_elo_only,False,False,,4,2,4,0,0,0,2,1,True,False,UNKNOWN,UNCLASSIFIED
domain/current_fotmob_utc_native_current_asof_xg.py,domain.current_fotmob_utc_native_current_asof_xg,False,False,,9,4,3,0,0,0,5,1,True,False,UNKNOWN,UNCLASSIFIED
domain/current_fotmob_utc_native_shadow_prediction.py,domain.current_fotmob_utc_native_shadow_prediction,False,False,,9,5,9,0,0,0,4,2,True,False,UNKNOWN,UNCLASSIFIED
domain/current_shadow_all_market_portfolio.py,domain.current_shadow_all_market_portfolio,False,False,,5,3,8,0,0,0,2,1,True,False,UNKNOWN,UNCLASSIFIED
domain/current_shadow_all_market_price_all.py,domain.current_shadow_all_market_price_all,False,False,,5,3,6,0,0,0,2,1,True,False,UNKNOWN,UNCLASSIFIED
domain/current_shadow_all_market_router.py,domain.current_shadow_all_market_router,False,False,,6,2,4,0,0,0,4,1,True,False,UNKNOWN,UNCLASSIFIED
domain/current_shadow_all_market_runner.py,domain.current_shadow_all_market_runner,False,False,,15,6,9,0,0,1,9,1,True,False,UNKNOWN,UNCLASSIFIED
domain/current_shadow_all_market_share_code.py,domain.current_shadow_all_market_share_code,False,False,,4,1,5,0,0,0,3,1,True,False,UNKNOWN,UNCLASSIFIED
domain/current_shadow_elo_expectation_challenger.py,domain.current_shadow_elo_expectation_challenger,False,False,,2,1,2,0,0,0,1,0,False,False,UNKNOWN,UNCLASSIFIED
domain/current_shadow_fixture_date_request.py,domain.current_shadow_fixture_date_request,False,False,,4,1,0,0,0,0,3,1,True,False,UNKNOWN,UNCLASSIFIED
domain/current_shadow_fixture_identity_aliases.py,domain.current_shadow_fixture_identity_aliases,False,False,,5,3,0,0,0,0,2,1,True,False,UNKNOWN,UNCLASSIFIED
domain/current_shadow_fixture_identity_run199_overlay.py,domain.current_shadow_fixture_identity_run199_overlay,False,False,,3,1,2,0,0,0,2,1,True,False,UNKNOWN,UNCLASSIFIED
domain/current_shadow_fixture_identity_v2.py,domain.current_shadow_fixture_identity_v2,False,False,,8,3,1,0,0,0,5,1,True,False,UNKNOWN,UNCLASSIFIED
domain/current_shadow_nonlegacy_history.py,domain.current_shadow_nonlegacy_history,False,False,,2,1,6,0,0,0,1,1,True,False,UNKNOWN,UNCLASSIFIED
domain/current_shadow_sportybet_catalog_fanout_reconciliation.py,domain.current_shadow_sportybet_catalog_fanout_reconciliation,False,False,,11,6,5,0,0,0,5,1,True,False,UNKNOWN,UNCLASSIFIED
domain/current_shadow_sportybet_field_trial.py,domain.current_shadow_sportybet_field_trial,False,False,,5,2,9,0,0,0,3,1,True,False,UNKNOWN,UNCLASSIFIED
domain/current_shadow_sportybet_share_code.py,domain.current_shadow_sportybet_share_code,False,False,,5,2,3,0,0,0,3,1,True,False,UNKNOWN,UNCLASSIFIED
domain/current_shadow_sportybet_team_label_compatibility.py,domain.current_shadow_sportybet_team_label_compatibility,False,False,,2,1,0,0,0,0,1,1,True,False,UNKNOWN,UNCLASSIFIED
domain/current_shadow_sportybet_tolerant_live_inventory.py,domain.current_shadow_sportybet_tolerant_live_inventory,False,False,,4,2,1,0,0,0,2,1,True,False,UNKNOWN,UNCLASSIFIED
domain/current_shadow_sportybet_upcoming_reconciliation.py,domain.current_shadow_sportybet_upcoming_reconciliation,False,False,,5,4,5,0,0,0,1,1,True,False,UNKNOWN,UNCLASSIFIED
domain/current_shadow_sportybet_verified_package.py,domain.current_shadow_sportybet_verified_package,False,False,,2,1,3,0,0,0,1,0,False,False,UNKNOWN,UNCLASSIFIED
domain/current_shadow_sportybet_verified_share_code.py,domain.current_shadow_sportybet_verified_share_code,False,False,,1,0,2,0,0,0,1,0,False,False,UNKNOWN,UNCLASSIFIED
domain/current_sportybet_accumulator_execution.py,domain.current_sportybet_accumulator_execution,False,False,,2,1,3,0,0,0,1,0,False,False,UNKNOWN,UNCLASSIFIED
domain/current_sportybet_accumulator_request.py,domain.current_sportybet_accumulator_request,False,False,,3,1,5,0,0,0,2,0,False,False,UNKNOWN,UNCLASSIFIED
domain/current_sportybet_semantic_registry.py,domain.current_sportybet_semantic_registry,False,False,,11,6,7,0,0,0,5,1,True,False,UNKNOWN,UNCLASSIFIED
domain/early_payout_lead_path_probabilities.py,domain.early_payout_lead_path_probabilities,False,False,,5,3,5,0,0,0,2,1,True,False,UNKNOWN,UNCLASSIFIED
domain/evidence.py,domain.evidence,False,False,,1,1,2,0,0,0,0,1,True,False,UNKNOWN,UNCLASSIFIED
domain/fixture_catalog.py,domain.fixture_catalog,False,False,,27,14,1,0,0,0,13,4,True,False,UNKNOWN,UNCLASSIFIED
domain/fixture_intelligence.py,domain.fixture_intelligence,False,False,,34,13,0,0,0,0,21,4,True,False,UNKNOWN,UNCLASSIFIED
domain/fixture_model_features.py,domain.fixture_model_features,False,False,,25,10,1,0,0,0,15,4,True,False,UNKNOWN,UNCLASSIFIED
domain/fixture_state_v2.py,domain.fixture_state_v2,False,False,,14,7,1,0,0,0,7,1,True,False,UNKNOWN,UNCLASSIFIED
domain/forward_calibration.py,domain.forward_calibration,False,False,,3,1,4,0,0,0,2,0,False,False,UNKNOWN,UNCLASSIFIED
domain/fotmob_capture.py,domain.fotmob_capture,False,False,,2,1,0,0,0,0,1,0,False,False,UNKNOWN,UNCLASSIFIED
domain/fotmob_data_matches_capture.py,domain.fotmob_data_matches_capture,False,False,,81,40,1,0,0,0,41,4,True,False,UNKNOWN,UNCLASSIFIED
domain/fotmob_data_matches_eliminated_team_id_value_domain_extension.py,domain.fotmob_data_matches_eliminated_team_id_value_domain_extension,False,False,,10,7,6,0,0,0,3,4,True,False,UNKNOWN,UNCLASSIFIED
domain/fotmob_data_matches_eliminated_team_id_value_domain_protocol.py,domain.fotmob_data_matches_eliminated_team_id_value_domain_protocol,False,False,,3,1,4,0,0,0,2,4,True,False,UNKNOWN,UNCLASSIFIED
domain/fotmob_data_matches_final_result_semantics_protocol.py,domain.fotmob_data_matches_final_result_semantics_protocol,False,False,,9,6,2,0,0,0,3,4,True,False,UNKNOWN,UNCLASSIFIED
domain/fotmob_data_matches_final_result_semantics_validation.py,domain.fotmob_data_matches_final_result_semantics_validation,False,False,,2,1,2,0,0,0,1,4,True,False,UNKNOWN,UNCLASSIFIED
domain/fotmob_data_matches_final_result_semantics_validation_with_reason_gate.py,domain.fotmob_data_matches_final_result_semantics_validation_with_reason_gate,False,False,,3,1,4,0,0,0,2,4,True,False,UNKNOWN,UNCLASSIFIED
domain/fotmob_data_matches_full_time_score_capability_promotion_assessment.py,domain.fotmob_data_matches_full_time_score_capability_promotion_assessment,False,False,,4,2,2,0,0,0,2,4,True,False,UNKNOWN,UNCLASSIFIED
domain/fotmob_data_matches_full_time_score_capability_promotion_assessment_with_validated_adapter.py,domain.fotmob_data_matches_full_time_score_capability_promotion_assessment_with_validated_adapter,False,False,,3,1,5,0,0,0,2,4,True,False,UNKNOWN,UNCLASSIFIED
domain/fotmob_data_matches_full_time_score_capability_promotion_protocol.py,domain.fotmob_data_matches_full_time_score_capability_promotion_protocol,False,False,,7,3,4,0,0,0,4,4,True,False,UNKNOWN,UNCLASSIFIED
domain/fotmob_data_matches_ordinary_ft_finished_score_adapter.py,domain.fotmob_data_matches_ordinary_ft_finished_score_adapter,False,False,,15,9,7,0,0,0,6,4,True,False,UNKNOWN,UNCLASSIFIED
domain/fotmob_data_matches_ordinary_ft_finished_score_adapter_validation.py,domain.fotmob_data_matches_ordinary_ft_finished_score_adapter_validation,False,False,,4,2,3,0,0,0,2,4,True,False,UNKNOWN,UNCLASSIFIED
domain/fotmob_data_matches_post_finish_capture_pair_evidence.py,domain.fotmob_data_matches_post_finish_capture_pair_evidence,False,False,,6,3,3,0,0,0,3,4,True,False,UNKNOWN,UNCLASSIFIED
domain/fotmob_data_matches_probe.py,domain.fotmob_data_matches_probe,False,False,,10,8,0,0,0,0,2,4,True,False,UNKNOWN,UNCLASSIFIED
domain/fotmob_data_matches_schema.py,domain.fotmob_data_matches_schema,False,False,,14,9,2,0,0,0,5,4,True,False,UNKNOWN,UNCLASSIFIED
domain/fotmob_data_matches_status_reason_semantics_protocol.py,domain.fotmob_data_matches_status_reason_semantics_protocol,False,False,,7,6,4,0,0,0,1,4,True,False,UNKNOWN,UNCLASSIFIED
domain/fotmob_data_matches_status_reason_semantics_validation.py,domain.fotmob_data_matches_status_reason_semantics_validation,False,False,,4,2,4,0,0,0,2,4,True,False,UNKNOWN,UNCLASSIFIED
domain/fotmob_data_matches_terminal_state_schema_extension.py,domain.fotmob_data_matches_terminal_state_schema_extension,False,False,,5,3,5,0,0,0,2,4,True,False,UNKNOWN,UNCLASSIFIED
domain/fotmob_data_matches_terminal_state_schema_extension_protocol.py,domain.fotmob_data_matches_terminal_state_schema_extension_protocol,False,False,,4,2,3,0,0,0,2,4,True,False,UNKNOWN,UNCLASSIFIED
domain/fotmob_fixture_candidate_review.py,domain.fotmob_fixture_candidate_review,False,False,,31,12,2,0,0,0,19,4,True,False,UNKNOWN,UNCLASSIFIED
domain/fotmob_fixture_candidates.py,domain.fotmob_fixture_candidates,False,False,,34,17,2,0,0,0,17,4,True,False,UNKNOWN,UNCLASSIFIED
domain/fotmob_fixture_catalog_handoff.py,domain.fotmob_fixture_catalog_handoff,False,False,,17,7,3,0,0,0,10,4,True,False,UNKNOWN,UNCLASSIFIED
domain/fotmob_fresh_holdout_capture_qualification_adapter.py,domain.fotmob_fresh_holdout_capture_qualification_adapter,False,False,,5,2,6,0,0,0,3,1,True,False,UNKNOWN,UNCLASSIFIED
domain/fotmob_fresh_holdout_continuity.py,domain.fotmob_fresh_holdout_continuity,False,False,,9,3,0,0,0,0,6,3,True,False,UNKNOWN,UNCLASSIFIED
domain/fotmob_fresh_holdout_ordinary_ft_settlement_schema_adapter.py,domain.fotmob_fresh_holdout_ordinary_ft_settlement_schema_adapter,False,False,,2,1,4,0,0,0,1,1,True,False,UNKNOWN,UNCLASSIFIED
domain/fotmob_historical_source_history_adapter_protocol.py,domain.fotmob_historical_source_history_adapter_protocol,False,False,,4,2,5,0,0,0,2,4,True,False,UNKNOWN,UNCLASSIFIED
domain/fotmob_historical_source_history_adapter_qualification.py,domain.fotmob_historical_source_history_adapter_qualification,False,False,,5,3,6,0,0,0,2,4,True,False,UNKNOWN,UNCLASSIFIED
domain/fotmob_historical_source_history_completeness_materialization_protocol.py,domain.fotmob_historical_source_history_completeness_materialization_protocol,False,False,,4,2,8,0,0,0,2,4,True,False,UNKNOWN,UNCLASSIFIED
domain/fotmob_historical_source_history_completeness_materialization_qualification.py,domain.fotmob_historical_source_history_completeness_materialization_qualification,False,False,,3,2,7,0,0,0,1,4,True,False,UNKNOWN,UNCLASSIFIED
domain/fotmob_ordinary_ft_finished_score_source_history_completeness_assessment.py,domain.fotmob_ordinary_ft_finished_score_source_history_completeness_assessment,False,False,,2,1,2,0,0,0,1,4,True,False,UNKNOWN,UNCLASSIFIED
domain/fotmob_ordinary_ft_finished_score_source_history_completeness_protocol.py,domain.fotmob_ordinary_ft_finished_score_source_history_completeness_protocol,False,False,,7,4,5,0,0,0,3,4,True,False,UNKNOWN,UNCLASSIFIED
domain/fotmob_ordinary_ft_source_history_acquisition_protocol.py,domain.fotmob_ordinary_ft_source_history_acquisition_protocol,False,False,,6,3,4,0,0,0,3,4,True,False,UNKNOWN,UNCLASSIFIED
domain/fotmob_ordinary_ft_source_history_acquisition_runner.py,domain.fotmob_ordinary_ft_source_history_acquisition_runner,False,False,,4,1,2,0,0,0,3,0,False,False,UNKNOWN,UNCLASSIFIED
domain/fotmob_page_capture.py,domain.fotmob_page_capture,False,False,,5,3,0,0,0,0,2,0,False,False,UNKNOWN,UNCLASSIFIED
domain/fotmob_page_state.py,domain.fotmob_page_state,False,False,,2,1,1,0,0,0,1,0,False,False,UNKNOWN,UNCLASSIFIED
domain/fotmob_pr80_source_local_time_semantic_equivalence_protocol.py,domain.fotmob_pr80_source_local_time_semantic_equivalence_protocol,False,False,,4,3,4,0,0,0,1,0,False,False,UNKNOWN,UNCLASSIFIED
domain/fotmob_pr80_source_local_time_semantic_equivalence_qualification.py,domain.fotmob_pr80_source_local_time_semantic_equivalence_qualification,False,False,,2,1,1,0,0,0,1,0,False,False,UNKNOWN,UNCLASSIFIED
domain/fotmob_primary_id_competition_mapping_qualification.py,domain.fotmob_primary_id_competition_mapping_qualification,False,False,,6,5,1,0,0,0,1,4,True,False,UNKNOWN,UNCLASSIFIED
domain/fotmob_primary_id_competition_mapping_semantics_protocol.py,domain.fotmob_primary_id_competition_mapping_semantics_protocol,False,False,,3,1,1,0,0,0,2,4,True,False,UNKNOWN,UNCLASSIFIED
domain/fotmob_prospective_player_context_campaign.py,domain.fotmob_prospective_player_context_campaign,False,False,,2,1,3,0,0,0,1,0,False,False,UNKNOWN,UNCLASSIFIED
domain/fotmob_real_player_context_array_admission.py,domain.fotmob_real_player_context_array_admission,False,False,,5,3,3,0,0,0,2,0,False,False,UNKNOWN,UNCLASSIFIED
domain/fotmob_real_player_context_authoritative_bridge.py,domain.fotmob_real_player_context_authoritative_bridge,False,False,,3,2,18,0,0,0,1,0,False,False,UNKNOWN,UNCLASSIFIED
domain/fotmob_real_player_context_pr191_authoritative_adapter.py,domain.fotmob_real_player_context_pr191_authoritative_adapter,False,False,,2,1,4,0,0,0,1,0,False,False,UNKNOWN,UNCLASSIFIED
domain/fotmob_real_player_context_team_strength_handoff.py,domain.fotmob_real_player_context_team_strength_handoff,False,False,,5,3,2,0,0,0,2,0,False,False,UNKNOWN,UNCLASSIFIED
domain/fotmob_reviewed_match_details_array_records.py,domain.fotmob_reviewed_match_details_array_records,False,False,,3,1,3,0,0,0,2,0,False,False,UNKNOWN,UNCLASSIFIED
domain/fotmob_reviewed_match_details_capture.py,domain.fotmob_reviewed_match_details_capture,False,False,,8,4,3,0,0,0,4,4,True,False,UNKNOWN,UNCLASSIFIED
domain/fotmob_reviewed_match_details_capture_artifact.py,domain.fotmob_reviewed_match_details_capture_artifact,False,False,,3,1,1,0,0,0,2,0,False,False,UNKNOWN,UNCLASSIFIED
domain/fotmob_reviewed_match_details_expected_goals_transform_candidate.py,domain.fotmob_reviewed_match_details_expected_goals_transform_candidate,False,False,,5,3,3,0,0,0,2,4,True,False,UNKNOWN,UNCLASSIFIED
domain/fotmob_reviewed_match_details_fact_status_materializer.py,domain.fotmob_reviewed_match_details_fact_status_materializer,False,False,,3,2,3,0,0,0,1,4,True,False,UNKNOWN,UNCLASSIFIED
domain/fotmob_reviewed_match_details_field_evidence_qualification.py,domain.fotmob_reviewed_match_details_field_evidence_qualification,False,False,,10,3,2,0,0,0,7,4,True,False,UNKNOWN,UNCLASSIFIED
domain/fotmob_reviewed_match_details_field_review.py,domain.fotmob_reviewed_match_details_field_review,False,False,,5,2,3,0,0,0,3,4,True,False,UNKNOWN,UNCLASSIFIED
domain/fotmob_reviewed_match_details_fixture_intelligence_snapshot.py,domain.fotmob_reviewed_match_details_fixture_intelligence_snapshot,False,False,,5,3,3,0,0,0,2,4,True,False,UNKNOWN,UNCLASSIFIED
domain/fotmob_reviewed_match_details_model_feature_handoff.py,domain.fotmob_reviewed_match_details_model_feature_handoff,False,False,,7,4,3,0,0,0,3,4,True,False,UNKNOWN,UNCLASSIFIED
domain/fotmob_reviewed_match_details_persisted_evidence.py,domain.fotmob_reviewed_match_details_persisted_evidence,False,False,,9,7,2,0,0,0,2,4,True,False,UNKNOWN,UNCLASSIFIED
domain/fotmob_reviewed_match_details_probability_model_readiness.py,domain.fotmob_reviewed_match_details_probability_model_readiness,False,False,,2,1,5,0,0,0,1,4,True,False,UNKNOWN,UNCLASSIFIED
domain/fotmob_reviewed_match_details_probe.py,domain.fotmob_reviewed_match_details_probe,False,False,,8,3,2,0,0,0,5,4,True,False,UNKNOWN,UNCLASSIFIED
domain/fotmob_reviewed_match_details_snapshot_candidate_admission.py,domain.fotmob_reviewed_match_details_snapshot_candidate_admission,False,False,,4,2,1,0,0,0,2,4,True,False,UNKNOWN,UNCLASSIFIED
domain/fotmob_reviewed_match_details_snapshot_candidate_set.py,domain.fotmob_reviewed_match_details_snapshot_candidate_set,False,False,,5,3,2,0,0,0,2,4,True,False,UNKNOWN,UNCLASSIFIED
domain/fotmob_reviewed_match_details_status_classification_policy.py,domain.fotmob_reviewed_match_details_status_classification_policy,False,False,,4,2,3,0,0,0,2,4,True,False,UNKNOWN,UNCLASSIFIED
domain/fotmob_reviewed_match_details_status_classification_policy_semantics.py,domain.fotmob_reviewed_match_details_status_classification_policy_semantics,False,False,,3,1,0,0,0,0,2,4,True,False,UNKNOWN,UNCLASSIFIED
domain/fotmob_reviewed_match_details_status_evaluator.py,domain.fotmob_reviewed_match_details_status_evaluator,False,False,,4,2,4,0,0,0,2,4,True,False,UNKNOWN,UNCLASSIFIED
domain/fotmob_reviewed_match_details_structure.py,domain.fotmob_reviewed_match_details_structure,False,False,,20,7,1,0,0,0,13,4,True,False,UNKNOWN,UNCLASSIFIED
domain/fotmob_reviewed_match_details_unverified_candidates.py,domain.fotmob_reviewed_match_details_unverified_candidates,False,False,,5,2,4,0,0,0,3,4,True,False,UNKNOWN,UNCLASSIFIED
domain/fotmob_reviewed_match_details_unverified_facts.py,domain.fotmob_reviewed_match_details_unverified_facts,False,False,,6,4,3,0,0,0,2,4,True,False,UNKNOWN,UNCLASSIFIED
domain/fotmob_reviewed_team_strength_context_adapter.py,domain.fotmob_reviewed_team_strength_context_adapter,False,False,,3,2,5,0,0,0,1,0,False,False,UNKNOWN,UNCLASSIFIED
domain/fotmob_source_history_adapter_completeness_assessment.py,domain.fotmob_source_history_adapter_completeness_assessment,False,False,,5,3,4,0,0,0,2,4,True,False,UNKNOWN,UNCLASSIFIED
domain/fotmob_source_history_elo_initialization_boundary_protocol.py,domain.fotmob_source_history_elo_initialization_boundary_protocol,False,False,,4,2,5,0,0,0,2,4,True,False,UNKNOWN,UNCLASSIFIED
domain/fotmob_source_history_elo_initialization_boundary_qualification.py,domain.fotmob_source_history_elo_initialization_boundary_qualification,False,False,,9,8,2,0,0,0,1,4,True,False,UNKNOWN,UNCLASSIFIED
domain/fotmob_source_history_rearrangement_chronology_qualification.py,domain.fotmob_source_history_rearrangement_chronology_qualification,False,False,,10,8,2,0,0,0,2,4,True,False,UNKNOWN,UNCLASSIFIED
domain/fotmob_source_history_rearrangement_chronology_semantics_protocol.py,domain.fotmob_source_history_rearrangement_chronology_semantics_protocol,False,False,,4,2,1,0,0,0,2,4,True,False,UNKNOWN,UNCLASSIFIED
domain/fotmob_source_history_special_result_semantics_protocol.py,domain.fotmob_source_history_special_result_semantics_protocol,False,False,,6,5,1,0,0,0,1,4,True,False,UNKNOWN,UNCLASSIFIED
domain/fotmob_source_history_special_result_semantics_qualification.py,domain.fotmob_source_history_special_result_semantics_qualification,False,False,,11,8,2,0,0,0,3,4,True,False,UNKNOWN,UNCLASSIFIED
domain/fotmob_source_probe.py,domain.fotmob_source_probe,False,False,,2,1,0,0,0,0,1,0,False,False,UNKNOWN,UNCLASSIFIED
domain/fotmob_team_strength_fixture_intelligence.py,domain.fotmob_team_strength_fixture_intelligence,False,False,,10,6,0,0,0,0,4,0,False,False,UNKNOWN,UNCLASSIFIED
domain/fotmob_utc_native_expected_goals_fresh_holdout.py,domain.fotmob_utc_native_expected_goals_fresh_holdout,False,False,,28,14,5,0,0,0,14,4,True,False,UNKNOWN,UNCLASSIFIED
domain/fotmob_utc_native_expected_goals_fresh_holdout_activation_runner.py,domain.fotmob_utc_native_expected_goals_fresh_holdout_activation_runner,False,False,,17,8,5,0,0,0,9,4,True,False,UNKNOWN,UNCLASSIFIED
domain/fotmob_utc_native_expected_goals_fresh_holdout_calibration_competition_protocol.py,domain.fotmob_utc_native_expected_goals_fresh_holdout_calibration_competition_protocol,False,False,,9,4,0,0,0,0,5,4,True,False,UNKNOWN,UNCLASSIFIED
domain/fotmob_utc_native_expected_goals_fresh_holdout_collection_control.py,domain.fotmob_utc_native_expected_goals_fresh_holdout_collection_control,False,False,,16,8,2,0,0,0,8,4,True,False,UNKNOWN,UNCLASSIFIED
domain/fotmob_utc_native_expected_goals_fresh_holdout_confirmation_evaluator.py,domain.fotmob_utc_native_expected_goals_fresh_holdout_confirmation_evaluator,False,False,,3,1,4,0,0,0,2,2,True,False,UNKNOWN,UNCLASSIFIED
domain/fotmob_utc_native_expected_goals_fresh_holdout_failure_lineage.py,domain.fotmob_utc_native_expected_goals_fresh_holdout_failure_lineage,False,False,,6,2,2,0,0,1,4,3,True,False,UNKNOWN,UNCLASSIFIED
domain/fotmob_utc_native_expected_goals_fresh_holdout_schedule_recovery.py,domain.fotmob_utc_native_expected_goals_fresh_holdout_schedule_recovery,False,False,,8,2,3,0,0,0,6,3,True,False,UNKNOWN,UNCLASSIFIED
domain/fotmob_utc_native_expected_goals_model_validation.py,domain.fotmob_utc_native_expected_goals_model_validation,False,False,,3,1,2,0,0,0,2,0,False,False,UNKNOWN,UNCLASSIFIED
domain/fotmob_utc_native_expected_goals_model_validation_protocol.py,domain.fotmob_utc_native_expected_goals_model_validation_protocol,False,False,,4,2,0,0,0,0,2,0,False,False,UNKNOWN,UNCLASSIFIED
domain/fotmob_utc_native_expected_goals_model_validation_result_review.py,domain.fotmob_utc_native_expected_goals_model_validation_result_review,False,False,,2,1,0,0,0,0,1,1,True,False,UNKNOWN,UNCLASSIFIED
domain/fotmob_utc_native_expected_goals_model_validation_source_bound.py,domain.fotmob_utc_native_expected_goals_model_validation_source_bound,False,False,,2,1,2,0,0,0,1,0,False,False,UNKNOWN,UNCLASSIFIED
domain/fotmob_utc_native_successor_feature_construction_protocol.py,domain.fotmob_utc_native_successor_feature_construction_protocol,False,False,,2,1,2,0,0,0,1,4,True,False,UNKNOWN,UNCLASSIFIED
domain/fotmob_utc_native_successor_feature_construction_qualification.py,domain.fotmob_utc_native_successor_feature_construction_qualification,False,False,,7,5,2,0,0,0,2,4,True,False,UNKNOWN,UNCLASSIFIED
domain/goal_score_dynamics.py,domain.goal_score_dynamics,False,False,,7,4,3,0,0,0,3,1,True,False,UNKNOWN,UNCLASSIFIED
domain/goal_score_training_view.py,domain.goal_score_training_view,False,False,,6,5,2,0,0,0,1,1,True,False,UNKNOWN,UNCLASSIFIED
domain/half_time_data.py,domain.half_time_data,False,False,,10,6,0,0,0,0,4,4,True,False,UNKNOWN,UNCLASSIFIED
domain/historical_asof_features.py,domain.historical_asof_features,False,False,,12,9,1,0,0,0,3,1,True,False,UNKNOWN,UNCLASSIFIED
domain/historical_competitions.py,domain.historical_competitions,False,False,,9,7,0,0,0,0,2,0,False,False,UNKNOWN,UNCLASSIFIED
domain/historical_expected_goals_component_validation.py,domain.historical_expected_goals_component_validation,False,False,,4,2,3,0,0,0,2,0,False,False,UNKNOWN,UNCLASSIFIED
domain/historical_expected_goals_successor_candidate.py,domain.historical_expected_goals_successor_candidate,False,False,,3,1,5,0,0,0,2,0,False,False,UNKNOWN,UNCLASSIFIED
domain/historical_expected_goals_successor_protocol.py,domain.historical_expected_goals_successor_protocol,False,False,,9,5,2,0,0,0,4,4,True,False,UNKNOWN,UNCLASSIFIED
domain/historical_expected_goals_successor_robustness_evaluator.py,domain.historical_expected_goals_successor_robustness_evaluator,False,False,,3,1,5,0,0,0,2,0,False,False,UNKNOWN,UNCLASSIFIED
domain/historical_expected_goals_successor_robustness_protocol.py,domain.historical_expected_goals_successor_robustness_protocol,False,False,,3,1,1,0,0,0,2,0,False,False,UNKNOWN,UNCLASSIFIED
domain/historical_model_feature_replay_candidate.py,domain.historical_model_feature_replay_candidate,False,False,,13,8,2,0,0,0,5,4,True,False,UNKNOWN,UNCLASSIFIED
domain/historical_training_coverage.py,domain.historical_training_coverage,False,False,,7,4,2,0,1,0,3,1,True,False,UNKNOWN,UNCLASSIFIED
domain/live_fotmob_fixture_intelligence.py,domain.live_fotmob_fixture_intelligence,False,False,,3,1,0,0,0,0,2,1,True,False,UNKNOWN,UNCLASSIFIED
domain/market_router.py,domain.market_router,False,False,,4,2,6,0,0,0,2,0,False,False,UNKNOWN,UNCLASSIFIED
domain/market_router_v2_direct_provider.py,domain.market_router_v2_direct_provider,False,False,,4,2,7,0,0,0,2,0,False,False,UNKNOWN,UNCLASSIFIED
domain/market_router_v3_current_provider.py,domain.market_router_v3_current_provider,False,False,,4,2,8,0,0,0,2,0,False,False,UNKNOWN,UNCLASSIFIED
domain/markets.py,domain.markets,False,False,,111,56,0,0,0,0,55,5,True,False,UNKNOWN,UNCLASSIFIED
domain/model_league_reliability.py,domain.model_league_reliability,False,False,,3,1,2,0,0,0,2,1,True,False,UNKNOWN,UNCLASSIFIED
domain/model_status.py,domain.model_status,False,False,,44,17,2,0,0,0,27,5,True,False,UNKNOWN,UNCLASSIFIED
domain/portfolio_optimizer_v2_direct_provider.py,domain.portfolio_optimizer_v2_direct_provider,False,False,,2,1,8,0,0,0,1,0,False,False,UNKNOWN,UNCLASSIFIED
domain/portfolio_optimizer_v3_current_provider.py,domain.portfolio_optimizer_v3_current_provider,False,False,,4,2,7,0,0,0,2,0,False,False,UNKNOWN,UNCLASSIFIED
domain/pr69_formal_operational_invariance_qualification_protocol.py,domain.pr69_formal_operational_invariance_qualification_protocol,False,False,,1,0,4,0,0,0,1,0,False,False,UNKNOWN,UNCLASSIFIED
domain/pr69_primary_time_basis_evidence_acquisition_protocol.py,domain.pr69_primary_time_basis_evidence_acquisition_protocol,False,False,,5,2,1,0,0,0,3,0,False,False,UNKNOWN,UNCLASSIFIED
domain/pr69_primary_time_basis_evidence_acquisition_runner.py,domain.pr69_primary_time_basis_evidence_acquisition_runner,False,False,,4,1,1,0,0,0,3,0,False,False,UNKNOWN,UNCLASSIFIED
domain/pr69_primary_time_basis_semantic_qualification_v2.py,domain.pr69_primary_time_basis_semantic_qualification_v2,False,False,,2,1,2,0,0,0,1,0,False,False,UNKNOWN,UNCLASSIFIED
domain/pr69_source_local_time_basis_resolution_protocol.py,domain.pr69_source_local_time_basis_resolution_protocol,False,False,,5,3,3,0,0,0,2,0,False,False,UNKNOWN,UNCLASSIFIED
domain/pr69_source_local_time_basis_resolution_qualification.py,domain.pr69_source_local_time_basis_resolution_qualification,False,False,,2,1,2,0,0,0,1,0,False,False,UNKNOWN,UNCLASSIFIED
domain/prediction_postmatch_audit.py,domain.prediction_postmatch_audit,False,False,,2,1,1,0,0,0,1,0,False,False,UNKNOWN,UNCLASSIFIED
domain/price_all_v2_direct_provider.py,domain.price_all_v2_direct_provider,False,False,,6,4,5,0,0,0,2,1,True,False,UNKNOWN,UNCLASSIFIED
domain/price_all_v3_current_provider.py,domain.price_all_v3_current_provider,False,False,,4,2,5,0,0,0,2,0,False,False,UNKNOWN,UNCLASSIFIED
domain/price_all_value.py,domain.price_all_value,False,False,,2,1,3,0,0,0,1,0,False,False,UNKNOWN,UNCLASSIFIED
domain/pricing.py,domain.pricing,False,False,,5,4,1,0,0,0,1,2,True,False,UNKNOWN,UNCLASSIFIED
domain/prospective_successor_feature_construction_candidate.py,domain.prospective_successor_feature_construction_candidate,False,False,,8,7,2,0,0,0,1,4,True,False,UNKNOWN,UNCLASSIFIED
domain/prospective_successor_source_history_completeness_assessment.py,domain.prospective_successor_source_history_completeness_assessment,False,False,,2,1,2,0,0,0,1,4,True,False,UNKNOWN,UNCLASSIFIED
domain/prospective_successor_source_history_completeness_protocol.py,domain.prospective_successor_source_history_completeness_protocol,False,False,,11,6,3,0,0,0,5,4,True,False,UNKNOWN,UNCLASSIFIED
domain/reviewed_fixture_catalog_admission.py,domain.reviewed_fixture_catalog_admission,False,False,,27,11,3,0,0,0,16,4,True,False,UNKNOWN,UNCLASSIFIED
domain/reviewed_fixture_catalog_admission_artifact.py,domain.reviewed_fixture_catalog_admission_artifact,False,False,,7,3,2,0,0,0,4,4,True,False,UNKNOWN,UNCLASSIFIED
domain/reviewed_fixture_catalog_admission_source_replay.py,domain.reviewed_fixture_catalog_admission_source_replay,False,False,,4,2,4,0,0,0,2,0,False,False,UNKNOWN,UNCLASSIFIED
domain/reviewed_fixture_intelligence_bootstrap.py,domain.reviewed_fixture_intelligence_bootstrap,False,False,,8,4,3,0,0,0,4,4,True,False,UNKNOWN,UNCLASSIFIED
domain/reviewed_fixture_intelligence_bootstrap_artifact.py,domain.reviewed_fixture_intelligence_bootstrap_artifact,False,False,,8,3,2,0,0,0,5,4,True,False,UNKNOWN,UNCLASSIFIED
domain/saturday_2026_08_22_fixture_universe.py,domain.saturday_2026_08_22_fixture_universe,False,False,,3,2,2,0,0,0,1,0,False,False,UNKNOWN,UNCLASSIFIED
domain/score_matrix.py,domain.score_matrix,False,False,,15,10,0,0,0,0,5,2,True,False,UNKNOWN,UNCLASSIFIED
domain/score_matrix_market_probabilities.py,domain.score_matrix_market_probabilities,False,False,,7,5,4,0,0,0,2,1,True,False,UNKNOWN,UNCLASSIFIED
domain/score_matrix_settlement.py,domain.score_matrix_settlement,False,False,,5,2,1,0,0,0,3,1,True,False,UNKNOWN,UNCLASSIFIED
domain/source_capabilities.py,domain.source_capabilities,False,False,,72,26,0,0,0,0,46,4,True,False,UNKNOWN,UNCLASSIFIED
domain/sportradar_user_controlled_event_metadata.py,domain.sportradar_user_controlled_event_metadata,False,False,,12,6,5,0,0,0,6,1,True,False,UNKNOWN,UNCLASSIFIED
domain/sportradar_user_controlled_event_metadata_verification.py,domain.sportradar_user_controlled_event_metadata_verification,False,False,,2,0,5,0,0,0,2,0,False,False,UNKNOWN,UNCLASSIFIED
domain/sportybet_current_event_discovery_reconciliation.py,domain.sportybet_current_event_discovery_reconciliation,False,False,,18,13,9,0,0,0,5,1,True,False,UNKNOWN,UNCLASSIFIED
domain/sportybet_early_payout_settlement.py,domain.sportybet_early_payout_settlement,False,False,,7,4,1,0,0,0,3,1,True,False,UNKNOWN,UNCLASSIFIED
domain/sportybet_event_local_time_basis.py,domain.sportybet_event_local_time_basis,False,False,,13,6,5,0,0,0,7,1,True,False,UNKNOWN,UNCLASSIFIED
domain/sportybet_fotmob_fixture_reconciliation.py,domain.sportybet_fotmob_fixture_reconciliation,False,False,,1,0,4,0,0,0,1,0,False,False,UNKNOWN,UNCLASSIFIED
domain/sportybet_fotmob_full_utc_reconciliation.py,domain.sportybet_fotmob_full_utc_reconciliation,False,False,,17,8,16,0,0,0,9,1,True,False,UNKNOWN,UNCLASSIFIED
domain/sportybet_fotmob_full_utc_reconciliation_receipt.py,domain.sportybet_fotmob_full_utc_reconciliation_receipt,False,False,,10,6,2,0,0,0,4,1,True,False,UNKNOWN,UNCLASSIFIED
domain/sportybet_fotmob_full_utc_reconciliation_verification.py,domain.sportybet_fotmob_full_utc_reconciliation_verification,False,False,,2,0,10,0,0,0,2,0,False,False,UNKNOWN,UNCLASSIFIED
domain/sportybet_fotmob_partial_calendar_reconciliation.py,domain.sportybet_fotmob_partial_calendar_reconciliation,False,False,,2,0,7,0,0,0,2,0,False,False,UNKNOWN,UNCLASSIFIED
domain/sportybet_lite_source_capture.py,domain.sportybet_lite_source_capture,False,False,,27,24,0,0,0,0,3,1,True,False,UNKNOWN,UNCLASSIFIED
domain/sportybet_live_event_quote_evidence.py,domain.sportybet_live_event_quote_evidence,False,False,,25,16,4,0,0,0,9,1,True,False,UNKNOWN,UNCLASSIFIED
domain/sportybet_machine_event_header_candidate.py,domain.sportybet_machine_event_header_candidate,False,False,,8,6,4,0,0,0,2,1,True,False,UNKNOWN,UNCLASSIFIED
domain/sportybet_official_time_semantics.py,domain.sportybet_official_time_semantics,False,False,,18,8,3,0,0,0,10,1,True,False,UNKNOWN,UNCLASSIFIED
domain/sportybet_price_all_direct_provider_quote_adapter.py,domain.sportybet_price_all_direct_provider_quote_adapter,False,False,,3,1,4,0,0,0,2,1,True,False,UNKNOWN,UNCLASSIFIED
domain/sportybet_provider_native_inventory.py,domain.sportybet_provider_native_inventory,False,False,,10,3,1,0,0,0,7,1,True,False,UNKNOWN,UNCLASSIFIED
domain/sportybet_reviewed_canonical_market_mapping.py,domain.sportybet_reviewed_canonical_market_mapping,False,False,,18,9,6,0,0,0,9,1,True,False,UNKNOWN,UNCLASSIFIED
domain/sportybet_sportradar_event_identity.py,domain.sportybet_sportradar_event_identity,False,False,,16,8,4,0,0,0,8,1,True,False,UNKNOWN,UNCLASSIFIED
domain/sportybet_sportradar_event_identity_verification.py,domain.sportybet_sportradar_event_identity_verification,False,False,,4,2,3,0,0,0,2,1,True,False,UNKNOWN,UNCLASSIFIED
domain/sportybet_sportradar_kickoff_identity_promotion.py,domain.sportybet_sportradar_kickoff_identity_promotion,False,False,,8,4,9,0,0,0,4,1,True,False,UNKNOWN,UNCLASSIFIED
domain/sportybet_sportradar_kickoff_identity_promotion_verification.py,domain.sportybet_sportradar_kickoff_identity_promotion_verification,False,False,,3,1,7,0,0,0,2,1,True,False,UNKNOWN,UNCLASSIFIED
domain/sportybet_user_controlled_evidence.py,domain.sportybet_user_controlled_evidence,False,False,,35,17,1,0,0,0,18,1,True,False,UNKNOWN,UNCLASSIFIED
domain/sportybet_user_controlled_native_inventory.py,domain.sportybet_user_controlled_native_inventory,False,False,,37,16,3,0,0,0,21,1,True,False,UNKNOWN,UNCLASSIFIED
domain/successor_live_input_semantic_qualification_execution.py,domain.successor_live_input_semantic_qualification_execution,False,False,,2,1,1,0,0,0,1,4,True,False,UNKNOWN,UNCLASSIFIED
domain/successor_live_input_semantic_qualification_protocol.py,domain.successor_live_input_semantic_qualification_protocol,False,False,,6,4,0,0,0,0,2,4,True,False,UNKNOWN,UNCLASSIFIED
domain/tactical_identity.py,domain.tactical_identity,False,False,,4,3,1,0,0,0,1,1,True,False,UNKNOWN,UNCLASSIFIED
domain/uefa_competition_stage.py,domain.uefa_competition_stage,False,False,,3,1,2,0,0,0,2,0,False,False,UNKNOWN,UNCLASSIFIED
domain/win_either_half_benchmarks.py,domain.win_either_half_benchmarks,False,False,,6,4,0,0,0,0,2,0,False,False,UNKNOWN,UNCLASSIFIED
domain/win_either_half_calibration.py,domain.win_either_half_calibration,False,False,,4,2,1,0,0,0,2,0,False,False,UNKNOWN,UNCLASSIFIED
domain/win_either_half_campaign_commitment.py,domain.win_either_half_campaign_commitment,False,False,,2,1,3,0,0,0,1,0,False,False,UNKNOWN,UNCLASSIFIED
domain/win_either_half_capture_campaign.py,domain.win_either_half_capture_campaign,False,False,,4,2,3,0,0,0,2,0,False,False,UNKNOWN,UNCLASSIFIED
domain/win_either_half_features.py,domain.win_either_half_features,False,False,,12,7,0,0,0,0,5,5,True,False,UNKNOWN,UNCLASSIFIED
domain/win_either_half_inference.py,domain.win_either_half_inference,False,False,,5,4,1,0,0,0,1,1,True,False,UNKNOWN,UNCLASSIFIED
domain/win_either_half_pricing_evidence.py,domain.win_either_half_pricing_evidence,False,False,,2,1,2,0,0,0,1,0,False,False,UNKNOWN,UNCLASSIFIED
domain/win_either_half_pricing_source_qualification.py,domain.win_either_half_pricing_source_qualification,False,False,,5,3,1,0,0,0,2,0,False,False,UNKNOWN,UNCLASSIFIED
domain/win_either_half_prospective_replay.py,domain.win_either_half_prospective_replay,False,False,,3,2,3,0,0,0,1,0,False,False,UNKNOWN,UNCLASSIFIED
domain/win_either_half_research.py,domain.win_either_half_research,False,False,,5,2,1,0,0,0,3,0,False,False,UNKNOWN,UNCLASSIFIED
engine/acca_builder.py,engine.acca_builder,False,False,,0,0,0,0,0,0,0,0,False,True,UNKNOWN,UNCLASSIFIED
engine/analyzer.py,engine.analyzer,False,False,,1,1,5,0,0,0,0,0,False,False,UNKNOWN,UNCLASSIFIED
engine/market_selector.py,engine.market_selector,False,False,,1,1,1,0,0,0,0,0,False,False,UNKNOWN,UNCLASSIFIED
engine/probability_engine.py,engine.probability_engine,False,False,,1,1,1,0,0,0,0,0,False,False,UNKNOWN,UNCLASSIFIED
engine/reliability_engine.py,engine.reliability_engine,False,False,,1,1,1,0,0,0,0,0,False,False,UNKNOWN,UNCLASSIFIED
engine/report_generator.py,engine.report_generator,False,False,,1,1,1,0,0,0,0,0,False,False,UNKNOWN,UNCLASSIFIED
engine/risk_engine.py,engine.risk_engine,False,False,,5,5,1,0,0,0,0,1,True,False,UNKNOWN,UNCLASSIFIED
engine/score_engine.py,engine.score_engine,False,False,,1,1,0,0,0,0,0,0,False,False,UNKNOWN,UNCLASSIFIED
engine/team_strength_engine.py,engine.team_strength_engine,False,False,,1,1,0,0,0,0,0,0,False,False,UNKNOWN,UNCLASSIFIED
generate_master_handover.py,generate_master_handover,False,True,DIRECT_PYTHON_ENTRYPOINT,0,0,0,0,0,0,0,0,False,True,UNKNOWN,UNCLASSIFIED
intelligence/acca_filter.py,intelligence.acca_filter,False,False,,3,1,4,0,0,0,2,1,True,False,UNKNOWN,UNCLASSIFIED
intelligence/accumulator.py,intelligence.accumulator,False,False,,4,2,3,0,0,0,2,1,True,False,UNKNOWN,UNCLASSIFIED
intelligence/backtester.py,intelligence.backtester,False,False,,3,3,1,0,0,0,0,1,True,False,UNKNOWN,UNCLASSIFIED
intelligence/correlation_analyzer.py,intelligence.correlation_analyzer,False,False,,1,1,2,0,0,0,0,1,True,False,UNKNOWN,UNCLASSIFIED
intelligence/elo_engine.py,intelligence.elo_engine,False,True,ARGPARSE_ENTRYPOINT|DIRECT_PYTHON_ENTRYPOINT,1,1,0,0,0,0,0,0,False,False,UNKNOWN,UNCLASSIFIED
intelligence/evolver.py,intelligence.evolver,False,True,DIRECT_PYTHON_ENTRYPOINT,1,1,2,0,0,0,0,0,False,False,UNKNOWN,UNCLASSIFIED
intelligence/fatigue.py,intelligence.fatigue,False,False,,4,4,0,0,0,0,0,1,True,False,UNKNOWN,UNCLASSIFIED
intelligence/fixture_reasoner.py,intelligence.fixture_reasoner,False,True,DIRECT_PYTHON_ENTRYPOINT,3,1,2,0,0,0,2,0,False,False,UNKNOWN,UNCLASSIFIED
intelligence/form.py,intelligence.form,False,False,,4,4,2,0,0,0,0,1,True,False,UNKNOWN,UNCLASSIFIED
intelligence/h2h_analyzer.py,intelligence.h2h_analyzer,False,True,ARGPARSE_ENTRYPOINT|DIRECT_PYTHON_ENTRYPOINT,0,0,0,0,0,0,0,0,False,True,UNKNOWN,UNCLASSIFIED
intelligence/injuries.py,intelligence.injuries,False,False,,3,3,0,0,0,0,0,1,True,False,UNKNOWN,UNCLASSIFIED
intelligence/league_adjuster.py,intelligence.league_adjuster,False,True,ARGPARSE_ENTRYPOINT|DIRECT_PYTHON_ENTRYPOINT,0,0,0,0,0,0,0,0,False,True,UNKNOWN,UNCLASSIFIED
intelligence/lineup.py,intelligence.lineup,False,False,,0,0,0,0,0,0,0,0,False,True,UNKNOWN,UNCLASSIFIED
intelligence/match_analyst.py,intelligence.match_analyst,False,False,,12,7,6,0,0,0,5,1,True,False,UNKNOWN,UNCLASSIFIED
intelligence/ml_engine.py,intelligence.ml_engine,False,False,,1,1,1,0,0,0,0,1,True,False,UNKNOWN,UNCLASSIFIED
intelligence/motivation.py,intelligence.motivation,False,False,,3,3,1,0,0,0,0,1,True,False,UNKNOWN,UNCLASSIFIED
intelligence/prediction_engine.py,intelligence.prediction_engine,False,True,DIRECT_PYTHON_ENTRYPOINT,0,0,1,0,0,0,0,0,False,True,UNKNOWN,UNCLASSIFIED
intelligence/referee.py,intelligence.referee,False,False,,4,4,0,0,0,0,0,1,True,False,UNKNOWN,UNCLASSIFIED
intelligence/sentiment.py,intelligence.sentiment,False,False,,0,0,0,0,0,0,0,0,False,True,UNKNOWN,UNCLASSIFIED
intelligence/venue_adjuster.py,intelligence.venue_adjuster,False,True,ARGPARSE_ENTRYPOINT|DIRECT_PYTHON_ENTRYPOINT,0,0,0,0,0,0,0,0,False,True,UNKNOWN,UNCLASSIFIED
intelligence/weather.py,intelligence.weather,False,False,,3,3,0,0,0,0,0,1,True,False,UNKNOWN,UNCLASSIFIED
migrate_elo_columns.py,migrate_elo_columns,False,False,,0,0,0,0,0,0,0,0,False,True,UNKNOWN,UNCLASSIFIED
models/confidence_model.py,models.confidence_model,False,False,,0,0,0,0,0,0,0,0,False,True,UNKNOWN,UNCLASSIFIED
models/dixon_coles.py,models.dixon_coles,False,False,,0,0,0,0,0,0,0,0,False,True,UNKNOWN,UNCLASSIFIED
models/elo.py,models.elo,False,False,,0,0,0,0,0,0,0,0,False,True,UNKNOWN,UNCLASSIFIED
models/expected_goals.py,models.expected_goals,False,False,,0,0,0,0,0,0,0,0,False,True,UNKNOWN,UNCLASSIFIED
models/fixture.py,models.fixture,False,False,,1,1,0,0,0,0,0,0,False,False,UNKNOWN,UNCLASSIFIED
models/markets.py,models.markets,False,False,,0,0,0,0,0,0,0,0,False,True,UNKNOWN,UNCLASSIFIED
models/poisson.py,models.poisson,False,False,,0,0,0,0,0,0,0,0,False,True,UNKNOWN,UNCLASSIFIED
models/prediction.py,models.prediction,False,False,,7,7,0,0,0,0,0,1,True,False,UNKNOWN,UNCLASSIFIED
models/team.py,models.team,False,False,,0,0,0,0,0,0,0,0,False,True,UNKNOWN,UNCLASSIFIED
providers/football_provider.py,providers.football_provider,False,False,,0,0,0,0,0,0,0,0,False,True,UNKNOWN,UNCLASSIFIED
providers/injury_provider.py,providers.injury_provider,False,False,,0,0,0,0,0,0,0,0,False,True,UNKNOWN,UNCLASSIFIED
providers/news_provider.py,providers.news_provider,False,False,,0,0,0,0,0,0,0,0,False,True,UNKNOWN,UNCLASSIFIED
providers/odds_provider.py,providers.odds_provider,False,False,,0,0,0,0,0,0,0,0,False,True,UNKNOWN,UNCLASSIFIED
providers/weather_provider.py,providers.weather_provider,False,False,,0,0,0,0,0,0,0,0,False,True,UNKNOWN,UNCLASSIFIED
reports/console.py,reports.console,False,False,,0,0,0,0,0,0,0,0,False,True,UNKNOWN,UNCLASSIFIED
reports/csv_export.py,reports.csv_export,False,False,,0,0,0,0,0,0,0,0,False,True,UNKNOWN,UNCLASSIFIED
reports/html_export.py,reports.html_export,False,False,,0,0,0,0,0,0,0,0,False,True,UNKNOWN,UNCLASSIFIED
reports/json_export.py,reports.json_export,False,False,,0,0,0,0,0,0,0,0,False,True,UNKNOWN,UNCLASSIFIED
repositories/prediction_repository.py,repositories.prediction_repository,False,False,,0,0,0,0,0,0,0,0,False,True,UNKNOWN,UNCLASSIFIED
repositories/standings_repository.py,repositories.standings_repository,False,False,,1,1,1,0,0,0,0,0,False,False,UNKNOWN,UNCLASSIFIED
repositories/statistics_repository.py,repositories.statistics_repository,False,False,,1,1,1,0,0,0,0,1,True,False,UNKNOWN,UNCLASSIFIED
repositories/team_repository.py,repositories.team_repository,False,False,,4,4,1,0,0,0,0,0,False,False,UNKNOWN,UNCLASSIFIED
repositories/team_statistics_repository.py,repositories.team_statistics_repository,False,False,,0,0,0,0,0,0,0,0,False,True,UNKNOWN,UNCLASSIFIED
run_analysis.py,run_analysis,False,True,DIRECT_PYTHON_ENTRYPOINT,0,0,14,0,0,0,0,0,False,True,UNKNOWN,UNCLASSIFIED
run_desktop.py,run_desktop,False,True,DIRECT_PYTHON_ENTRYPOINT,0,0,1,0,0,0,0,0,False,True,UNKNOWN,UNCLASSIFIED
scripts/assess_fotmob_data_matches_schema.py,scripts.assess_fotmob_data_matches_schema,False,True,ARGPARSE_ENTRYPOINT|DIRECT_PYTHON_ENTRYPOINT,1,0,2,0,0,0,1,0,False,False,UNKNOWN,UNCLASSIFIED
scripts/assess_fotmob_page_state.py,scripts.assess_fotmob_page_state,False,True,ARGPARSE_ENTRYPOINT|DIRECT_PYTHON_ENTRYPOINT,1,0,2,0,0,0,1,0,False,False,UNKNOWN,UNCLASSIFIED
scripts/assess_fotmob_source_history_adapter_completeness.py,scripts.assess_fotmob_source_history_adapter_completeness,False,True,ARGPARSE_ENTRYPOINT|DIRECT_PYTHON_ENTRYPOINT,0,0,8,0,0,0,0,0,False,True,UNKNOWN,UNCLASSIFIED
scripts/audit_fotmob_fresh_holdout_actions_lineage.py,scripts.audit_fotmob_fresh_holdout_actions_lineage,False,True,ARGPARSE_ENTRYPOINT|DIRECT_PYTHON_ENTRYPOINT,13,3,4,0,0,2,10,2,True,False,UNKNOWN,UNCLASSIFIED
scripts/audit_fotmob_fresh_holdout_actions_lineage_pr175_projection.py,scripts.audit_fotmob_fresh_holdout_actions_lineage_pr175_projection,False,True,DIRECT_PYTHON_ENTRYPOINT,3,2,1,0,0,1,1,2,True,False,UNKNOWN,UNCLASSIFIED
scripts/audit_fotmob_fresh_holdout_actions_lineage_schedule_recovery_projection.py,scripts.audit_fotmob_fresh_holdout_actions_lineage_schedule_recovery_projection,False,True,DIRECT_PYTHON_ENTRYPOINT,8,1,7,1,0,0,7,2,True,False,UNKNOWN,UNCLASSIFIED
scripts/audit_half_time_coverage.py,scripts.audit_half_time_coverage,False,True,ARGPARSE_ENTRYPOINT|DIRECT_PYTHON_ENTRYPOINT,8,2,1,0,0,0,6,4,True,False,UNKNOWN,UNCLASSIFIED
scripts/audit_historical_data_integrity.py,scripts.audit_historical_data_integrity,False,True,ARGPARSE_ENTRYPOINT|DIRECT_PYTHON_ENTRYPOINT,1,0,3,1,0,0,1,0,False,False,UNKNOWN,UNCLASSIFIED
scripts/audit_historical_hierarchy_coverage.py,scripts.audit_historical_hierarchy_coverage,False,True,ARGPARSE_ENTRYPOINT|DIRECT_PYTHON_ENTRYPOINT,3,1,2,1,0,0,2,0,False,False,UNKNOWN,UNCLASSIFIED
scripts/audit_historical_season_completeness.py,scripts.audit_historical_season_completeness,False,True,ARGPARSE_ENTRYPOINT|DIRECT_PYTHON_ENTRYPOINT,1,0,2,1,0,0,1,0,False,False,UNKNOWN,UNCLASSIFIED
scripts/audit_uefa_stage_coverage.py,scripts.audit_uefa_stage_coverage,False,True,ARGPARSE_ENTRYPOINT|DIRECT_PYTHON_ENTRYPOINT,0,0,1,0,0,0,0,0,False,True,UNKNOWN,UNCLASSIFIED
scripts/backfill_xg.py,scripts.backfill_xg,False,True,DIRECT_PYTHON_ENTRYPOINT,0,0,2,0,0,0,0,0,False,True,UNKNOWN,UNCLASSIFIED
scripts/bind_fotmob_fresh_holdout_continuity_dispatch.py,scripts.bind_fotmob_fresh_holdout_continuity_dispatch,False,False,,1,0,1,0,0,0,1,0,False,False,UNKNOWN,UNCLASSIFIED
scripts/build_fotmob_fixture_candidates.py,scripts.build_fotmob_fixture_candidates,False,True,ARGPARSE_ENTRYPOINT|DIRECT_PYTHON_ENTRYPOINT,2,1,2,0,0,0,1,0,False,False,UNKNOWN,UNCLASSIFIED
scripts/build_goal_score_training_view.py,scripts.build_goal_score_training_view,False,True,ARGPARSE_ENTRYPOINT|DIRECT_PYTHON_ENTRYPOINT,0,0,1,0,0,0,0,0,False,True,UNKNOWN,UNCLASSIFIED
scripts/build_historical_asof_feature_corpus.py,scripts.build_historical_asof_feature_corpus,False,True,ARGPARSE_ENTRYPOINT|DIRECT_PYTHON_ENTRYPOINT,4,0,1,0,0,0,4,0,False,False,UNKNOWN,UNCLASSIFIED
scripts/build_historical_training_coverage.py,scripts.build_historical_training_coverage,False,True,ARGPARSE_ENTRYPOINT|DIRECT_PYTHON_ENTRYPOINT,2,0,2,0,0,0,2,0,False,False,UNKNOWN,UNCLASSIFIED
scripts/build_historical_warehouse.py,scripts.build_historical_warehouse,False,True,ARGPARSE_ENTRYPOINT|DIRECT_PYTHON_ENTRYPOINT,25,13,1,0,0,0,12,0,False,False,UNKNOWN,UNCLASSIFIED
scripts/build_sportybet_user_controlled_native_inventory.py,scripts.build_sportybet_user_controlled_native_inventory,False,True,ARGPARSE_ENTRYPOINT|DIRECT_PYTHON_ENTRYPOINT,1,0,2,0,0,0,1,0,False,False,UNKNOWN,UNCLASSIFIED
scripts/build_tactical_identity_corpus.py,scripts.build_tactical_identity_corpus,False,True,ARGPARSE_ENTRYPOINT|DIRECT_PYTHON_ENTRYPOINT,2,0,1,0,0,0,2,0,False,False,UNKNOWN,UNCLASSIFIED
scripts/capture_current_shadow_sportybet_source_diagnostic.py,scripts.capture_current_shadow_sportybet_source_diagnostic,False,True,ARGPARSE_ENTRYPOINT|DIRECT_PYTHON_ENTRYPOINT,1,0,1,1,0,0,1,0,False,False,UNKNOWN,UNCLASSIFIED
scripts/capture_fotmob_data_matches.py,scripts.capture_fotmob_data_matches,False,True,ARGPARSE_ENTRYPOINT|DIRECT_PYTHON_ENTRYPOINT,12,6,2,0,0,0,6,4,True,False,UNKNOWN,UNCLASSIFIED
scripts/capture_fotmob_date_page.py,scripts.capture_fotmob_date_page,False,True,ARGPARSE_ENTRYPOINT|DIRECT_PYTHON_ENTRYPOINT,1,0,1,0,0,0,1,0,False,False,UNKNOWN,UNCLASSIFIED
scripts/capture_fotmob_matches.py,scripts.capture_fotmob_matches,False,True,ARGPARSE_ENTRYPOINT|DIRECT_PYTHON_ENTRYPOINT,1,0,1,0,0,0,1,0,False,False,UNKNOWN,UNCLASSIFIED
scripts/capture_fotmob_reviewed_match_details.py,scripts.capture_fotmob_reviewed_match_details,False,False,,3,1,4,0,0,0,2,0,False,False,UNKNOWN,UNCLASSIFIED
scripts/capture_saturday_2026_08_22_fixture_universe.py,scripts.capture_saturday_2026_08_22_fixture_universe,False,True,ARGPARSE_ENTRYPOINT|DIRECT_PYTHON_ENTRYPOINT,0,0,5,1,0,1,0,0,False,True,UNKNOWN,UNCLASSIFIED
scripts/capture_sportybet_lite_source.py,scripts.capture_sportybet_lite_source,False,True,ARGPARSE_ENTRYPOINT|DIRECT_PYTHON_ENTRYPOINT,1,0,1,0,0,0,1,0,False,False,UNKNOWN,UNCLASSIFIED
scripts/capture_sportybet_live_event_quote_evidence.py,scripts.capture_sportybet_live_event_quote_evidence,False,True,ARGPARSE_ENTRYPOINT|DIRECT_PYTHON_ENTRYPOINT,0,0,1,0,0,0,0,0,False,True,UNKNOWN,UNCLASSIFIED
scripts/check_fotmob_fresh_holdout_scheduler_liveness.py,scripts.check_fotmob_fresh_holdout_scheduler_liveness,False,True,ARGPARSE_ENTRYPOINT|DIRECT_PYTHON_ENTRYPOINT,1,0,0,1,0,0,1,0,False,False,UNKNOWN,UNCLASSIFIED
scripts/compare_current_shadow_elo_expectations.py,scripts.compare_current_shadow_elo_expectations,False,True,ARGPARSE_ENTRYPOINT|DIRECT_PYTHON_ENTRYPOINT,0,0,1,0,0,0,0,0,False,True,UNKNOWN,UNCLASSIFIED
scripts/current_shadow_current_asof_elo_only_fallback.py,scripts.current_shadow_current_asof_elo_only_fallback,False,False,,4,1,7,0,0,0,3,1,True,False,UNKNOWN,UNCLASSIFIED
scripts/current_shadow_fixture_identity_reconciliation_recovery.py,scripts.current_shadow_fixture_identity_reconciliation_recovery,False,False,,2,1,1,0,0,0,1,1,True,False,UNKNOWN,UNCLASSIFIED
scripts/current_shadow_history_artifact_verification_reuse.py,scripts.current_shadow_history_artifact_verification_reuse,False,False,,3,1,0,0,0,0,2,1,True,False,UNKNOWN,UNCLASSIFIED
scripts/current_shadow_history_builder_audit_reuse.py,scripts.current_shadow_history_builder_audit_reuse,False,False,,2,1,0,0,0,0,1,1,True,False,UNKNOWN,UNCLASSIFIED
scripts/current_shadow_history_github_persistent_cache.py,scripts.current_shadow_history_github_persistent_cache,False,False,,7,3,1,0,0,0,4,2,True,False,UNKNOWN,UNCLASSIFIED
scripts/current_shadow_history_github_prefetch.py,scripts.current_shadow_history_github_prefetch,False,False,,2,1,0,0,0,0,1,2,True,False,UNKNOWN,UNCLASSIFIED
scripts/current_shadow_history_semantic_replay_reuse.py,scripts.current_shadow_history_semantic_replay_reuse,False,False,,2,1,0,0,0,0,1,1,True,False,UNKNOWN,UNCLASSIFIED
scripts/current_shadow_live_quote_row_local_replay.py,scripts.current_shadow_live_quote_row_local_replay,False,False,,1,1,2,0,0,0,0,1,True,False,UNKNOWN,UNCLASSIFIED
scripts/daily_retrain.py,scripts.daily_retrain,False,True,DIRECT_PYTHON_ENTRYPOINT,0,0,1,0,0,0,0,0,False,True,UNKNOWN,UNCLASSIFIED
scripts/e2e_desktop_test.py,scripts.e2e_desktop_test,False,True,DIRECT_PYTHON_ENTRYPOINT,0,0,0,0,0,1,0,0,False,True,UNKNOWN,UNCLASSIFIED
scripts/enrich_schochastics_goal_events.py,scripts.enrich_schochastics_goal_events,False,True,ARGPARSE_ENTRYPOINT|DIRECT_PYTHON_ENTRYPOINT,2,1,1,0,0,0,1,0,False,False,UNKNOWN,UNCLASSIFIED
scripts/enrich_statsbomb_history.py,scripts.enrich_statsbomb_history,False,True,ARGPARSE_ENTRYPOINT|DIRECT_PYTHON_ENTRYPOINT,2,0,2,0,0,0,2,0,False,False,UNKNOWN,UNCLASSIFIED
scripts/evaluate_accumulator_optimizer.py,scripts.evaluate_accumulator_optimizer,False,True,ARGPARSE_ENTRYPOINT|DIRECT_PYTHON_ENTRYPOINT,1,0,2,0,1,0,1,0,False,False,UNKNOWN,UNCLASSIFIED
scripts/evaluate_forward_calibration.py,scripts.evaluate_forward_calibration,False,True,ARGPARSE_ENTRYPOINT|DIRECT_PYTHON_ENTRYPOINT,0,0,3,0,0,0,0,0,False,True,UNKNOWN,UNCLASSIFIED
scripts/evaluate_goal_score_challengers.py,scripts.evaluate_goal_score_challengers,False,True,ARGPARSE_ENTRYPOINT|DIRECT_PYTHON_ENTRYPOINT,0,0,2,0,0,0,0,0,False,True,UNKNOWN,UNCLASSIFIED
scripts/evaluate_market_router.py,scripts.evaluate_market_router,False,True,ARGPARSE_ENTRYPOINT|DIRECT_PYTHON_ENTRYPOINT,1,0,2,0,1,0,1,0,False,False,UNKNOWN,UNCLASSIFIED
scripts/execute_current_shadow_all_market.py,scripts.execute_current_shadow_all_market,False,True,ARGPARSE_ENTRYPOINT|DIRECT_PYTHON_ENTRYPOINT,9,4,7,0,0,1,5,1,True,False,UNKNOWN,UNCLASSIFIED
scripts/execute_current_shadow_all_market_fresh_reprice.py,scripts.execute_current_shadow_all_market_fresh_reprice,False,True,DIRECT_PYTHON_ENTRYPOINT,3,1,11,0,0,1,2,1,True,False,UNKNOWN,UNCLASSIFIED
scripts/execute_current_shadow_all_market_fresh_reprice_bound.py,scripts.execute_current_shadow_all_market_fresh_reprice_bound,False,True,DIRECT_PYTHON_ENTRYPOINT,4,2,4,0,0,1,2,1,True,False,UNKNOWN,UNCLASSIFIED
scripts/execute_current_shadow_all_market_summary_reuse.py,scripts.execute_current_shadow_all_market_summary_reuse,False,True,DIRECT_PYTHON_ENTRYPOINT,4,1,2,0,0,1,3,1,True,False,UNKNOWN,UNCLASSIFIED
scripts/execute_current_shadow_daily.py,scripts.execute_current_shadow_daily,False,True,ARGPARSE_ENTRYPOINT|DIRECT_PYTHON_ENTRYPOINT,8,1,9,0,0,1,7,1,True,False,UNKNOWN,UNCLASSIFIED
scripts/execute_current_shadow_request.py,scripts.execute_current_shadow_request,False,True,ARGPARSE_ENTRYPOINT|DIRECT_PYTHON_ENTRYPOINT,3,0,9,1,0,1,3,1,True,False,UNKNOWN,UNCLASSIFIED
scripts/execute_current_sportybet_accumulator.py,scripts.execute_current_sportybet_accumulator,False,True,ARGPARSE_ENTRYPOINT|DIRECT_PYTHON_ENTRYPOINT,1,0,1,1,0,0,1,0,False,False,UNKNOWN,UNCLASSIFIED
scripts/execute_source_replayed_sportybet_fotmob_reconciliation.py,scripts.execute_source_replayed_sportybet_fotmob_reconciliation,False,True,ARGPARSE_ENTRYPOINT|DIRECT_PYTHON_ENTRYPOINT,1,0,14,0,0,0,1,0,False,False,UNKNOWN,UNCLASSIFIED
scripts/export_win_either_half_baseline_benchmarks.py,scripts.export_win_either_half_baseline_benchmarks,False,True,ARGPARSE_ENTRYPOINT|DIRECT_PYTHON_ENTRYPOINT,5,2,4,0,0,0,3,0,False,False,UNKNOWN,UNCLASSIFIED
scripts/export_win_either_half_calibration_research.py,scripts.export_win_either_half_calibration_research,False,True,ARGPARSE_ENTRYPOINT|DIRECT_PYTHON_ENTRYPOINT,3,1,6,0,0,0,2,0,False,False,UNKNOWN,UNCLASSIFIED
scripts/export_win_either_half_feature_dataset.py,scripts.export_win_either_half_feature_dataset,False,True,ARGPARSE_ENTRYPOINT|DIRECT_PYTHON_ENTRYPOINT,7,3,4,0,0,0,4,0,False,False,UNKNOWN,UNCLASSIFIED
scripts/export_win_either_half_inference_state.py,scripts.export_win_either_half_inference_state,False,True,ARGPARSE_ENTRYPOINT|DIRECT_PYTHON_ENTRYPOINT,1,0,6,0,0,0,1,0,False,False,UNKNOWN,UNCLASSIFIED
scripts/export_win_either_half_pricing_evidence.py,scripts.export_win_either_half_pricing_evidence,False,True,ARGPARSE_ENTRYPOINT|DIRECT_PYTHON_ENTRYPOINT,1,0,5,0,0,0,1,0,False,False,UNKNOWN,UNCLASSIFIED
scripts/export_win_either_half_prospective_replay.py,scripts.export_win_either_half_prospective_replay,False,True,ARGPARSE_ENTRYPOINT|DIRECT_PYTHON_ENTRYPOINT,1,0,5,0,0,0,1,0,False,False,UNKNOWN,UNCLASSIFIED
scripts/export_win_either_half_research_dataset.py,scripts.export_win_either_half_research_dataset,False,True,ARGPARSE_ENTRYPOINT|DIRECT_PYTHON_ENTRYPOINT,6,3,3,0,0,0,3,0,False,False,UNKNOWN,UNCLASSIFIED
scripts/freeze_evidence_baseline.py,scripts.freeze_evidence_baseline,False,True,ARGPARSE_ENTRYPOINT|DIRECT_PYTHON_ENTRYPOINT,17,12,4,0,0,1,5,4,True,False,UNKNOWN,UNCLASSIFIED
scripts/historical_quality.py,scripts.historical_quality,False,False,,2,1,1,0,0,0,1,0,False,False,UNKNOWN,UNCLASSIFIED
scripts/import_current_soccer_datalake.py,scripts.import_current_soccer_datalake,False,True,ARGPARSE_ENTRYPOINT|DIRECT_PYTHON_ENTRYPOINT,2,1,2,0,0,0,1,0,False,False,UNKNOWN,UNCLASSIFIED
scripts/import_football_data_history.py,scripts.import_football_data_history,False,True,ARGPARSE_ENTRYPOINT|DIRECT_PYTHON_ENTRYPOINT,1,0,2,0,0,0,1,0,False,False,UNKNOWN,UNCLASSIFIED
scripts/import_football_data_uk.py,scripts.import_football_data_uk,False,True,ARGPARSE_ENTRYPOINT|DIRECT_PYTHON_ENTRYPOINT,3,1,3,0,0,0,2,0,False,False,UNKNOWN,UNCLASSIFIED
scripts/import_global_football_backbone.py,scripts.import_global_football_backbone,False,True,ARGPARSE_ENTRYPOINT|DIRECT_PYTHON_ENTRYPOINT,2,0,1,1,0,0,2,0,False,False,UNKNOWN,UNCLASSIFIED
scripts/import_openfootball_history.py,scripts.import_openfootball_history,False,True,ARGPARSE_ENTRYPOINT|DIRECT_PYTHON_ENTRYPOINT,2,0,2,0,0,0,2,0,False,False,UNKNOWN,UNCLASSIFIED
scripts/import_prediction_field_trial.py,scripts.import_prediction_field_trial,False,True,ARGPARSE_ENTRYPOINT|DIRECT_PYTHON_ENTRYPOINT,1,0,2,0,0,1,1,0,False,False,UNKNOWN,UNCLASSIFIED
scripts/import_sportybet_official_time_semantics.py,scripts.import_sportybet_official_time_semantics,False,True,ARGPARSE_ENTRYPOINT|DIRECT_PYTHON_ENTRYPOINT,1,0,2,0,0,0,1,0,False,False,UNKNOWN,UNCLASSIFIED
scripts/import_sportybet_user_controlled_evidence.py,scripts.import_sportybet_user_controlled_evidence,False,True,ARGPARSE_ENTRYPOINT|DIRECT_PYTHON_ENTRYPOINT,1,0,2,0,0,0,1,0,False,False,UNKNOWN,UNCLASSIFIED
scripts/issue_current_fotmob_reviewed_source.py,scripts.issue_current_fotmob_reviewed_source,False,True,ARGPARSE_ENTRYPOINT|DIRECT_PYTHON_ENTRYPOINT,6,1,10,1,0,0,5,1,True,False,UNKNOWN,UNCLASSIFIED
scripts/manage_fixture_catalog.py,scripts.manage_fixture_catalog,False,True,ARGPARSE_ENTRYPOINT|DIRECT_PYTHON_ENTRYPOINT,2,1,2,0,0,1,1,0,False,False,UNKNOWN,UNCLASSIFIED
scripts/manage_fotmob_reviewed_fixture_catalog.py,scripts.manage_fotmob_reviewed_fixture_catalog,False,True,ARGPARSE_ENTRYPOINT|DIRECT_PYTHON_ENTRYPOINT,8,4,6,0,0,0,4,0,False,False,UNKNOWN,UNCLASSIFIED
scripts/manage_win_either_half_campaign_commitment.py,scripts.manage_win_either_half_campaign_commitment,False,True,ARGPARSE_ENTRYPOINT|DIRECT_PYTHON_ENTRYPOINT,1,0,2,0,0,1,1,0,False,False,UNKNOWN,UNCLASSIFIED
scripts/manage_win_either_half_capture_campaign.py,scripts.manage_win_either_half_capture_campaign,False,True,ARGPARSE_ENTRYPOINT|DIRECT_PYTHON_ENTRYPOINT,2,0,2,0,0,0,2,0,False,False,UNKNOWN,UNCLASSIFIED
scripts/mirror_fotmob_fresh_holdout_release_receipt.py,scripts.mirror_fotmob_fresh_holdout_release_receipt,False,True,ARGPARSE_ENTRYPOINT|DIRECT_PYTHON_ENTRYPOINT,9,5,0,0,0,3,4,3,True,False,UNKNOWN,UNCLASSIFIED
scripts/normalize_historical_score_periods.py,scripts.normalize_historical_score_periods,False,True,ARGPARSE_ENTRYPOINT|DIRECT_PYTHON_ENTRYPOINT,1,0,1,1,0,0,1,0,False,False,UNKNOWN,UNCLASSIFIED
scripts/prepare_saturday_2026_08_22_reviewed_fixture_catalog.py,scripts.prepare_saturday_2026_08_22_reviewed_fixture_catalog,False,True,ARGPARSE_ENTRYPOINT|DIRECT_PYTHON_ENTRYPOINT,1,0,6,1,0,1,1,0,False,False,UNKNOWN,UNCLASSIFIED
scripts/prime_current_shadow_history_github_cache.py,scripts.prime_current_shadow_history_github_cache,False,True,ARGPARSE_ENTRYPOINT|DIRECT_PYTHON_ENTRYPOINT,2,1,2,1,0,0,1,1,True,False,UNKNOWN,UNCLASSIFIED
scripts/probe_fotmob_data_matches.py,scripts.probe_fotmob_data_matches,False,True,ARGPARSE_ENTRYPOINT|DIRECT_PYTHON_ENTRYPOINT,1,0,1,0,0,0,1,0,False,False,UNKNOWN,UNCLASSIFIED
scripts/probe_fotmob_reviewed_match_details.py,scripts.probe_fotmob_reviewed_match_details,False,False,,2,0,1,0,0,0,2,0,False,False,UNKNOWN,UNCLASSIFIED
scripts/probe_fotmob_source.py,scripts.probe_fotmob_source,False,True,ARGPARSE_ENTRYPOINT|DIRECT_PYTHON_ENTRYPOINT,1,0,1,0,0,0,1,0,False,False,UNKNOWN,UNCLASSIFIED
scripts/qualify_fotmob_historical_source_history_adapter.py,scripts.qualify_fotmob_historical_source_history_adapter,False,True,ARGPARSE_ENTRYPOINT|DIRECT_PYTHON_ENTRYPOINT,1,1,7,0,0,0,0,4,True,False,UNKNOWN,UNCLASSIFIED
scripts/qualify_fotmob_historical_source_history_completeness_materialization.py,scripts.qualify_fotmob_historical_source_history_completeness_materialization,False,True,ARGPARSE_ENTRYPOINT|DIRECT_PYTHON_ENTRYPOINT,2,1,4,0,0,0,1,4,True,False,UNKNOWN,UNCLASSIFIED
scripts/qualify_fotmob_pr80_source_local_time_semantic_equivalence.py,scripts.qualify_fotmob_pr80_source_local_time_semantic_equivalence,False,True,ARGPARSE_ENTRYPOINT|DIRECT_PYTHON_ENTRYPOINT,1,0,1,0,0,0,1,0,False,False,UNKNOWN,UNCLASSIFIED
scripts/qualify_fotmob_primary_id_competition_mapping.py,scripts.qualify_fotmob_primary_id_competition_mapping,False,True,ARGPARSE_ENTRYPOINT|DIRECT_PYTHON_ENTRYPOINT,0,0,0,0,0,0,0,0,False,True,UNKNOWN,UNCLASSIFIED
scripts/qualify_fotmob_source_history_elo_initialization_boundary.py,scripts.qualify_fotmob_source_history_elo_initialization_boundary,False,True,ARGPARSE_ENTRYPOINT|DIRECT_PYTHON_ENTRYPOINT,0,0,6,0,0,0,0,0,False,True,UNKNOWN,UNCLASSIFIED
scripts/qualify_fotmob_source_history_rearrangement_chronology.py,scripts.qualify_fotmob_source_history_rearrangement_chronology,False,True,ARGPARSE_ENTRYPOINT|DIRECT_PYTHON_ENTRYPOINT,0,0,5,0,0,0,0,0,False,True,UNKNOWN,UNCLASSIFIED
scripts/qualify_fotmob_source_history_special_result_semantics.py,scripts.qualify_fotmob_source_history_special_result_semantics,False,True,ARGPARSE_ENTRYPOINT|DIRECT_PYTHON_ENTRYPOINT,0,0,3,0,0,0,0,0,False,True,UNKNOWN,UNCLASSIFIED
scripts/qualify_fotmob_utc_native_successor_feature_construction.py,scripts.qualify_fotmob_utc_native_successor_feature_construction,False,True,ARGPARSE_ENTRYPOINT|DIRECT_PYTHON_ENTRYPOINT,0,0,1,2,0,0,0,0,False,True,UNKNOWN,UNCLASSIFIED
scripts/qualify_win_either_half_pricing_source.py,scripts.qualify_win_either_half_pricing_source,False,True,ARGPARSE_ENTRYPOINT|DIRECT_PYTHON_ENTRYPOINT,1,0,4,0,0,0,1,0,False,False,UNKNOWN,UNCLASSIFIED
scripts/recalculate_elo.py,scripts.recalculate_elo,False,True,DIRECT_PYTHON_ENTRYPOINT,0,0,1,0,0,0,0,0,False,True,UNKNOWN,UNCLASSIFIED
scripts/register_datalake_team_aliases.py,scripts.register_datalake_team_aliases,False,True,ARGPARSE_ENTRYPOINT|DIRECT_PYTHON_ENTRYPOINT,0,0,2,1,0,0,0,0,False,True,UNKNOWN,UNCLASSIFIED
scripts/replay_fotmob_utc_native_xg_fresh_holdout_confirmation.py,scripts.replay_fotmob_utc_native_xg_fresh_holdout_confirmation,False,True,ARGPARSE_ENTRYPOINT|DIRECT_PYTHON_ENTRYPOINT,3,2,4,0,0,0,1,2,True,False,UNKNOWN,UNCLASSIFIED
scripts/replay_reviewed_fixture_catalog_admission.py,scripts.replay_reviewed_fixture_catalog_admission,False,True,ARGPARSE_ENTRYPOINT|DIRECT_PYTHON_ENTRYPOINT,3,2,5,1,0,0,1,0,False,False,UNKNOWN,UNCLASSIFIED
scripts/restore_current_shadow_history_prime_artifact.py,scripts.restore_current_shadow_history_prime_artifact,False,True,ARGPARSE_ENTRYPOINT|DIRECT_PYTHON_ENTRYPOINT,1,0,2,2,0,0,1,1,True,False,UNKNOWN,UNCLASSIFIED
scripts/run_evolution.py,scripts.run_evolution,False,True,DIRECT_PYTHON_ENTRYPOINT|TYPER_ENTRYPOINT,0,0,1,0,0,0,0,0,False,True,UNKNOWN,UNCLASSIFIED
scripts/run_fotmob_fresh_holdout_release_receipt_mirror.py,scripts.run_fotmob_fresh_holdout_release_receipt_mirror,False,True,DIRECT_PYTHON_ENTRYPOINT,2,1,3,2,0,2,1,3,True,False,UNKNOWN,UNCLASSIFIED
scripts/run_fotmob_ordinary_ft_source_history_acquisition.py,scripts.run_fotmob_ordinary_ft_source_history_acquisition,False,True,ARGPARSE_ENTRYPOINT|DIRECT_PYTHON_ENTRYPOINT,2,0,4,1,0,0,2,0,False,False,UNKNOWN,UNCLASSIFIED
scripts/run_fotmob_prospective_player_context_campaign.py,scripts.run_fotmob_prospective_player_context_campaign,False,True,ARGPARSE_ENTRYPOINT|DIRECT_PYTHON_ENTRYPOINT,0,0,16,1,0,1,0,0,False,True,UNKNOWN,UNCLASSIFIED
scripts/run_fotmob_utc_native_xg_fresh_holdout_tick.py,scripts.run_fotmob_utc_native_xg_fresh_holdout_tick,False,True,ARGPARSE_ENTRYPOINT|DIRECT_PYTHON_ENTRYPOINT,2,0,5,1,0,0,2,1,True,False,UNKNOWN,UNCLASSIFIED
scripts/run_pr258_sportybet_live_transport_proof.py,scripts.run_pr258_sportybet_live_transport_proof,False,True,ARGPARSE_ENTRYPOINT|DIRECT_PYTHON_ENTRYPOINT,2,2,5,1,0,0,0,1,True,False,UNKNOWN,UNCLASSIFIED
scripts/run_pr69_primary_time_basis_evidence_acquisition.py,scripts.run_pr69_primary_time_basis_evidence_acquisition,False,True,ARGPARSE_ENTRYPOINT|DIRECT_PYTHON_ENTRYPOINT,2,0,1,2,0,0,2,0,False,False,UNKNOWN,UNCLASSIFIED
scripts/run_prb_sportybet_semantic_registry_proof.py,scripts.run_prb_sportybet_semantic_registry_proof,False,True,ARGPARSE_ENTRYPOINT|DIRECT_PYTHON_ENTRYPOINT,0,0,1,1,0,0,0,0,False,True,UNKNOWN,UNCLASSIFIED
scripts/run_with_fast_history_quality.py,scripts.run_with_fast_history_quality,False,True,DIRECT_PYTHON_ENTRYPOINT,2,0,2,1,0,0,2,0,False,False,UNKNOWN,UNCLASSIFIED
scripts/send_current_shadow_email.py,scripts.send_current_shadow_email,False,True,ARGPARSE_ENTRYPOINT|DIRECT_PYTHON_ENTRYPOINT,1,0,0,1,0,0,1,1,True,False,UNKNOWN,UNCLASSIFIED
scripts/send_email.py,scripts.send_email,False,True,DIRECT_PYTHON_ENTRYPOINT,0,0,0,0,0,0,0,0,False,True,UNKNOWN,UNCLASSIFIED
scripts/sportybet_direct_market_probe.py,scripts.sportybet_direct_market_probe,False,True,ARGPARSE_ENTRYPOINT|DIRECT_PYTHON_ENTRYPOINT,1,0,0,1,0,0,1,0,False,False,UNKNOWN,UNCLASSIFIED
scripts/sportybet_direct_share_bridge.py,scripts.sportybet_direct_share_bridge,False,True,ARGPARSE_ENTRYPOINT|DIRECT_PYTHON_ENTRYPOINT,7,6,0,2,0,0,1,1,True,False,UNKNOWN,UNCLASSIFIED
scripts/sportybet_semantic_share_bridge.py,scripts.sportybet_semantic_share_bridge,False,True,ARGPARSE_ENTRYPOINT|DIRECT_PYTHON_ENTRYPOINT,6,5,1,0,0,0,1,1,True,False,UNKNOWN,UNCLASSIFIED
scripts/test_acca_reasoning.py,scripts.test_acca_reasoning,True,True,DIRECT_PYTHON_ENTRYPOINT,0,0,1,0,0,0,0,0,False,True,UNKNOWN,UNCLASSIFIED
scripts/validate_fotmob_utc_native_expected_goals_model.py,scripts.validate_fotmob_utc_native_expected_goals_model,False,True,ARGPARSE_ENTRYPOINT|DIRECT_PYTHON_ENTRYPOINT,0,0,1,1,0,0,0,0,False,True,UNKNOWN,UNCLASSIFIED
scripts/verify_fotmob_real_player_context_admission.py,scripts.verify_fotmob_real_player_context_admission,False,True,ARGPARSE_ENTRYPOINT|DIRECT_PYTHON_ENTRYPOINT,0,0,1,1,0,0,0,0,False,True,UNKNOWN,UNCLASSIFIED
scripts/verify_fotmob_real_player_context_authoritative_bridge.py,scripts.verify_fotmob_real_player_context_authoritative_bridge,False,True,ARGPARSE_ENTRYPOINT|DIRECT_PYTHON_ENTRYPOINT,0,0,3,1,0,0,0,0,False,True,UNKNOWN,UNCLASSIFIED
scripts/verify_fotmob_real_player_context_team_strength_handoff.py,scripts.verify_fotmob_real_player_context_team_strength_handoff,False,True,ARGPARSE_ENTRYPOINT|DIRECT_PYTHON_ENTRYPOINT,0,0,1,1,0,0,0,0,False,True,UNKNOWN,UNCLASSIFIED
scripts/verify_saturday_2026_08_22_fixture_identity_review.py,scripts.verify_saturday_2026_08_22_fixture_identity_review,False,True,ARGPARSE_ENTRYPOINT|DIRECT_PYTHON_ENTRYPOINT,1,0,5,1,0,1,1,0,False,False,UNKNOWN,UNCLASSIFIED
seed_derbies.py,seed_derbies,False,True,DIRECT_PYTHON_ENTRYPOINT,0,0,0,0,0,0,0,0,False,True,UNKNOWN,UNCLASSIFIED
seed_historical_matches.py,seed_historical_matches,False,True,DIRECT_PYTHON_ENTRYPOINT,0,0,0,0,0,0,0,0,False,True,UNKNOWN,UNCLASSIFIED
seed_test_data.py,seed_test_data,False,True,DIRECT_PYTHON_ENTRYPOINT,0,0,0,0,0,0,0,0,False,True,UNKNOWN,UNCLASSIFIED
seed_upcoming.py,seed_upcoming,False,True,DIRECT_PYTHON_ENTRYPOINT,0,0,0,0,0,0,0,0,False,True,UNKNOWN,UNCLASSIFIED
services/analysis_pipeline.py,services.analysis_pipeline,False,False,,5,3,4,0,0,0,2,1,True,False,UNKNOWN,UNCLASSIFIED
services/betting_service.py,services.betting_service,False,False,,3,1,0,0,0,0,2,0,False,False,UNKNOWN,UNCLASSIFIED
services/fixture_service.py,services.fixture_service,False,False,,0,0,1,0,0,0,0,0,False,True,UNKNOWN,UNCLASSIFIED
services/fixture_storage.py,services.fixture_storage,False,False,,1,1,1,0,0,0,0,0,False,False,UNKNOWN,UNCLASSIFIED
services/form_loader.py,services.form_loader,False,False,,0,0,3,0,0,0,0,0,False,True,UNKNOWN,UNCLASSIFIED
services/gender_filter.py,services.gender_filter,False,False,,3,3,0,0,0,0,0,1,True,False,UNKNOWN,UNCLASSIFIED
services/half_time_observation_store.py,services.half_time_observation_store,False,False,,2,2,1,0,0,0,0,0,False,False,UNKNOWN,UNCLASSIFIED
services/kelly_calculator.py,services.kelly_calculator,False,False,,1,1,0,0,0,0,0,1,True,False,UNKNOWN,UNCLASSIFIED
services/live_fixture_loader.py,services.live_fixture_loader,False,False,,1,1,4,0,0,0,0,0,False,False,UNKNOWN,UNCLASSIFIED
services/nlp_engine.py,services.nlp_engine,False,False,,0,0,0,0,0,0,0,0,False,True,UNKNOWN,UNCLASSIFIED
services/prediction_service.py,services.prediction_service,False,False,,1,1,5,0,0,0,0,0,False,False,UNKNOWN,UNCLASSIFIED
services/prediction_tracker.py,services.prediction_tracker,False,False,,2,2,1,0,0,0,0,0,False,False,UNKNOWN,UNCLASSIFIED
services/report_generator.py,services.report_generator,False,False,,0,0,1,0,0,0,0,0,False,True,UNKNOWN,UNCLASSIFIED
services/standings_loader.py,services.standings_loader,False,False,,0,0,3,0,0,0,0,0,False,True,UNKNOWN,UNCLASSIFIED
services/standings_service.py,services.standings_service,False,False,,1,1,1,0,0,0,0,0,False,False,UNKNOWN,UNCLASSIFIED
services/statistics_loader.py,services.statistics_loader,False,False,,0,0,3,0,0,0,0,0,False,True,UNKNOWN,UNCLASSIFIED
services/statistics_service.py,services.statistics_service,False,False,,6,6,1,0,0,0,0,1,True,False,UNKNOWN,UNCLASSIFIED
services/team_form_service.py,services.team_form_service,False,False,,6,6,1,0,0,0,0,1,True,False,UNKNOWN,UNCLASSIFIED
services/team_loader.py,services.team_loader,False,False,,0,0,1,0,0,0,0,0,False,True,UNKNOWN,UNCLASSIFIED
setup.py,setup,False,False,,0,0,0,0,0,0,0,0,False,True,UNKNOWN,UNCLASSIFIED
test_api.py,test_api,True,False,,0,0,0,0,0,0,0,0,False,True,UNKNOWN,UNCLASSIFIED
test_app_functionality.py,test_app_functionality,True,True,DIRECT_PYTHON_ENTRYPOINT,0,0,0,0,0,0,0,0,False,True,UNKNOWN,UNCLASSIFIED
test_deep_ui_audit.py,test_deep_ui_audit,True,True,DIRECT_PYTHON_ENTRYPOINT,0,0,1,0,0,0,0,0,False,True,UNKNOWN,UNCLASSIFIED
test_fotmob.py,test_fotmob,True,True,DIRECT_PYTHON_ENTRYPOINT,0,0,1,0,0,0,0,0,False,True,UNKNOWN,UNCLASSIFIED
test_fotmob_scraper.py,test_fotmob_scraper,True,True,DIRECT_PYTHON_ENTRYPOINT,0,0,1,0,0,0,0,0,False,True,UNKNOWN,UNCLASSIFIED
test_playwright_ui.py,test_playwright_ui,True,True,DIRECT_PYTHON_ENTRYPOINT,0,0,0,0,0,0,0,0,False,True,UNKNOWN,UNCLASSIFIED
test_playwright_user_flow.py,test_playwright_user_flow,True,True,DIRECT_PYTHON_ENTRYPOINT,0,0,0,0,0,0,0,0,False,True,UNKNOWN,UNCLASSIFIED
tests/_accumulator_optimizer_helpers.py,tests._accumulator_optimizer_helpers,True,False,,3,0,12,0,0,0,3,0,False,False,UNKNOWN,UNCLASSIFIED
tests/_market_router_helpers.py,tests._market_router_helpers,True,False,,6,0,7,0,0,0,6,0,False,False,UNKNOWN,UNCLASSIFIED
tests/_price_all_helpers.py,tests._price_all_helpers,True,False,,6,0,7,0,0,0,6,0,False,False,UNKNOWN,UNCLASSIFIED
tests/conftest.py,tests.conftest,True,False,,0,0,1,0,0,0,0,0,False,True,UNKNOWN,UNCLASSIFIED
tests/test_accumulator_optimizer.py,tests.test_accumulator_optimizer,True,False,,0,0,4,0,0,0,0,0,False,True,UNKNOWN,UNCLASSIFIED
tests/test_accumulator_optimizer_trust_boundaries.py,tests.test_accumulator_optimizer_trust_boundaries,True,False,,0,0,5,0,0,0,0,0,False,True,UNKNOWN,UNCLASSIFIED
tests/test_accumulator_priority.py,tests.test_accumulator_priority,True,False,,0,0,5,0,0,0,0,0,False,True,UNKNOWN,UNCLASSIFIED
tests/test_api_error_handling.py,tests.test_api_error_handling,True,True,DIRECT_PYTHON_ENTRYPOINT,0,0,1,0,0,0,0,0,False,True,UNKNOWN,UNCLASSIFIED
tests/test_api_fixture_cache.py,tests.test_api_fixture_cache,True,True,DIRECT_PYTHON_ENTRYPOINT,0,0,1,0,0,0,0,0,False,True,UNKNOWN,UNCLASSIFIED
tests/test_athena_patch_bridge_workflow.py,tests.test_athena_patch_bridge_workflow,True,False,,0,0,0,0,0,8,0,0,False,True,UNKNOWN,UNCLASSIFIED
tests/test_athenizer_api.py,tests.test_athenizer_api,True,True,DIRECT_PYTHON_ENTRYPOINT,0,0,1,0,0,0,0,0,False,True,UNKNOWN,UNCLASSIFIED
tests/test_build_acca_db_init.py,tests.test_build_acca_db_init,True,True,DIRECT_PYTHON_ENTRYPOINT,0,0,1,0,0,0,0,0,False,True,UNKNOWN,UNCLASSIFIED
tests/test_capture_fotmob_reviewed_match_details.py,tests.test_capture_fotmob_reviewed_match_details,True,False,,0,0,7,0,0,0,0,0,False,True,UNKNOWN,UNCLASSIFIED
tests/test_capture_fotmob_reviewed_match_details_commit_point.py,tests.test_capture_fotmob_reviewed_match_details_commit_point,True,False,,0,0,2,0,0,0,0,0,False,True,UNKNOWN,UNCLASSIFIED
tests/test_committed_win_either_half_benchmark_manifest.py,tests.test_committed_win_either_half_benchmark_manifest,True,True,DIRECT_PYTHON_ENTRYPOINT,0,0,4,0,0,1,0,0,False,True,UNKNOWN,UNCLASSIFIED
tests/test_committed_win_either_half_calibration_manifest.py,tests.test_committed_win_either_half_calibration_manifest,True,True,DIRECT_PYTHON_ENTRYPOINT,0,0,6,0,0,3,0,0,False,True,UNKNOWN,UNCLASSIFIED
tests/test_competition_review_priority.py,tests.test_competition_review_priority,True,False,,0,0,3,0,0,0,0,0,False,True,UNKNOWN,UNCLASSIFIED
tests/test_curl_json_client.py,tests.test_curl_json_client,True,True,DIRECT_PYTHON_ENTRYPOINT,0,0,1,0,0,0,0,0,False,True,UNKNOWN,UNCLASSIFIED
tests/test_current_all_market_shadow_probability_settlement.py,tests.test_current_all_market_shadow_probability_settlement,True,False,,0,0,7,0,0,0,0,0,False,True,UNKNOWN,UNCLASSIFIED
tests/test_current_direct_provider_canonical_market_mapping_rebind.py,tests.test_current_direct_provider_canonical_market_mapping_rebind,True,False,,1,0,6,0,0,0,1,0,False,False,UNKNOWN,UNCLASSIFIED
tests/test_current_direct_provider_live_quote_mapping_consumption.py,tests.test_current_direct_provider_live_quote_mapping_consumption,True,False,,4,0,5,0,0,0,4,0,False,False,UNKNOWN,UNCLASSIFIED
tests/test_current_fotmob_durable_fresh_history_prefix.py,tests.test_current_fotmob_durable_fresh_history_prefix,True,False,,0,0,7,0,0,0,0,0,False,True,UNKNOWN,UNCLASSIFIED
tests/test_current_fotmob_extra_halfs_schema_adapter.py,tests.test_current_fotmob_extra_halfs_schema_adapter,True,False,,0,0,2,0,0,0,0,0,False,True,UNKNOWN,UNCLASSIFIED
tests/test_current_fotmob_fixture_review_policy.py,tests.test_current_fotmob_fixture_review_policy,True,False,,0,0,4,0,0,0,0,0,False,True,UNKNOWN,UNCLASSIFIED
tests/test_current_fotmob_latest_durable_fresh_history.py,tests.test_current_fotmob_latest_durable_fresh_history,True,False,,1,0,5,0,0,0,1,0,False,False,UNKNOWN,UNCLASSIFIED
tests/test_current_fotmob_latest_durable_fresh_history_duplicate_gap.py,tests.test_current_fotmob_latest_durable_fresh_history_duplicate_gap,True,False,,0,0,2,0,0,0,0,0,False,True,UNKNOWN,UNCLASSIFIED
tests/test_current_fotmob_provider_native_duplicate_group_wrapper.py,tests.test_current_fotmob_provider_native_duplicate_group_wrapper,True,False,,0,0,1,0,0,0,0,0,False,True,UNKNOWN,UNCLASSIFIED
tests/test_current_fotmob_provider_native_duplicate_group_wrapper_20260906.py,tests.test_current_fotmob_provider_native_duplicate_group_wrapper_20260906,True,False,,0,0,1,0,0,0,0,0,False,True,UNKNOWN,UNCLASSIFIED
tests/test_current_fotmob_provider_native_duplicate_group_wrapper_20260907.py,tests.test_current_fotmob_provider_native_duplicate_group_wrapper_20260907,True,False,,0,0,1,0,0,0,0,0,False,True,UNKNOWN,UNCLASSIFIED
tests/test_current_fotmob_shadow_bootstrap_policy_ancestry.py,tests.test_current_fotmob_shadow_bootstrap_policy_ancestry,True,False,,0,0,7,0,0,0,0,0,False,True,UNKNOWN,UNCLASSIFIED
tests/test_current_fotmob_utc_native_current_asof_elo_only.py,tests.test_current_fotmob_utc_native_current_asof_elo_only,True,False,,0,0,5,0,0,0,0,0,False,True,UNKNOWN,UNCLASSIFIED
tests/test_current_fotmob_utc_native_current_asof_xg.py,tests.test_current_fotmob_utc_native_current_asof_xg,True,False,,0,0,7,0,0,0,0,0,False,True,UNKNOWN,UNCLASSIFIED
tests/test_current_fotmob_utc_native_shadow_prediction.py,tests.test_current_fotmob_utc_native_shadow_prediction,True,False,,0,0,5,0,0,0,0,0,False,True,UNKNOWN,UNCLASSIFIED
tests/test_current_shadow_all_market_direct_roundtrip_reprice.py,tests.test_current_shadow_all_market_direct_roundtrip_reprice,True,False,,0,0,1,0,0,0,0,0,False,True,UNKNOWN,UNCLASSIFIED
tests/test_current_shadow_all_market_live_field_proof.py,tests.test_current_shadow_all_market_live_field_proof,True,False,,0,0,6,0,0,0,0,0,False,True,UNKNOWN,UNCLASSIFIED
tests/test_current_shadow_all_market_portfolio.py,tests.test_current_shadow_all_market_portfolio,True,False,,0,0,5,0,0,0,0,0,False,True,UNKNOWN,UNCLASSIFIED
tests/test_current_shadow_all_market_price_all_router.py,tests.test_current_shadow_all_market_price_all_router,True,False,,0,0,11,0,0,0,0,0,False,True,UNKNOWN,UNCLASSIFIED
tests/test_current_shadow_all_market_price_all_router_value.py,tests.test_current_shadow_all_market_price_all_router_value,True,False,,0,0,7,0,0,0,0,0,False,True,UNKNOWN,UNCLASSIFIED
tests/test_current_shadow_all_market_runner.py,tests.test_current_shadow_all_market_runner,True,False,,0,0,2,0,0,0,0,0,False,True,UNKNOWN,UNCLASSIFIED
tests/test_current_shadow_all_market_share_code.py,tests.test_current_shadow_all_market_share_code,True,False,,0,0,3,0,0,0,0,0,False,True,UNKNOWN,UNCLASSIFIED
tests/test_current_shadow_current_asof_elo_only_fallback.py,tests.test_current_shadow_current_asof_elo_only_fallback,True,False,,0,0,5,0,0,0,0,0,False,True,UNKNOWN,UNCLASSIFIED
tests/test_current_shadow_daily.py,tests.test_current_shadow_daily,True,False,,0,0,3,0,0,0,0,0,False,True,UNKNOWN,UNCLASSIFIED
tests/test_current_shadow_daily_artifact_verification_activation.py,tests.test_current_shadow_daily_artifact_verification_activation,True,False,,0,0,1,0,0,0,0,0,False,True,UNKNOWN,UNCLASSIFIED
tests/test_current_shadow_daily_workflow.py,tests.test_current_shadow_daily_workflow,True,False,,0,0,0,0,0,0,0,0,False,True,UNKNOWN,UNCLASSIFIED
tests/test_current_shadow_elo_expectation_challenger.py,tests.test_current_shadow_elo_expectation_challenger,True,False,,0,0,2,0,0,0,0,0,False,True,UNKNOWN,UNCLASSIFIED
tests/test_current_shadow_fixture_date_request.py,tests.test_current_shadow_fixture_date_request,True,False,,0,0,1,0,0,0,0,0,False,True,UNKNOWN,UNCLASSIFIED
tests/test_current_shadow_fixture_identity_alias_wiring.py,tests.test_current_shadow_fixture_identity_alias_wiring,True,False,,0,0,4,0,0,0,0,0,False,True,UNKNOWN,UNCLASSIFIED
tests/test_current_shadow_fixture_identity_aliases.py,tests.test_current_shadow_fixture_identity_aliases,True,False,,0,0,1,0,0,0,0,0,False,True,UNKNOWN,UNCLASSIFIED
tests/test_current_shadow_fixture_identity_reconciliation_recovery.py,tests.test_current_shadow_fixture_identity_reconciliation_recovery,True,False,,0,0,3,0,0,0,0,0,False,True,UNKNOWN,UNCLASSIFIED
tests/test_current_shadow_fixture_identity_v2.py,tests.test_current_shadow_fixture_identity_v2,True,False,,0,0,1,0,0,0,0,0,False,True,UNKNOWN,UNCLASSIFIED
tests/test_current_shadow_fresh_reprice_bound.py,tests.test_current_shadow_fresh_reprice_bound,True,False,,0,0,5,0,0,0,0,0,False,True,UNKNOWN,UNCLASSIFIED
tests/test_current_shadow_fresh_reprice_worker.py,tests.test_current_shadow_fresh_reprice_worker,True,False,,0,0,2,0,0,0,0,0,False,True,UNKNOWN,UNCLASSIFIED
tests/test_current_shadow_history_artifact_verification_cleanup.py,tests.test_current_shadow_history_artifact_verification_cleanup,True,False,,0,0,2,0,0,0,0,0,False,True,UNKNOWN,UNCLASSIFIED
tests/test_current_shadow_history_artifact_verification_reuse.py,tests.test_current_shadow_history_artifact_verification_reuse,True,False,,0,0,2,0,0,0,0,0,False,True,UNKNOWN,UNCLASSIFIED
tests/test_current_shadow_history_builder_audit_reuse.py,tests.test_current_shadow_history_builder_audit_reuse,True,False,,0,0,2,0,1,0,0,0,False,True,UNKNOWN,UNCLASSIFIED
tests/test_current_shadow_history_control_row_reuse.py,tests.test_current_shadow_history_control_row_reuse,True,False,,0,0,1,0,0,0,0,0,False,True,UNKNOWN,UNCLASSIFIED
tests/test_current_shadow_history_github_persistent_cache.py,tests.test_current_shadow_history_github_persistent_cache,True,False,,0,0,1,0,0,0,0,0,False,True,UNKNOWN,UNCLASSIFIED
tests/test_current_shadow_history_github_prefetch.py,tests.test_current_shadow_history_github_prefetch,True,False,,0,0,1,0,0,0,0,0,False,True,UNKNOWN,UNCLASSIFIED
tests/test_current_shadow_history_lineage_reuse.py,tests.test_current_shadow_history_lineage_reuse,True,False,,0,0,3,0,0,0,0,0,False,True,UNKNOWN,UNCLASSIFIED
tests/test_current_shadow_history_prime_artifact_restore.py,tests.test_current_shadow_history_prime_artifact_restore,True,False,,0,0,3,0,0,0,0,0,False,True,UNKNOWN,UNCLASSIFIED
tests/test_current_shadow_history_semantic_replay_reuse.py,tests.test_current_shadow_history_semantic_replay_reuse,True,False,,0,0,1,0,0,0,0,0,False,True,UNKNOWN,UNCLASSIFIED
tests/test_current_shadow_history_summary_sha_reuse.py,tests.test_current_shadow_history_summary_sha_reuse,True,False,,0,0,2,0,0,0,0,0,False,True,UNKNOWN,UNCLASSIFIED
tests/test_current_shadow_history_validation_reuse.py,tests.test_current_shadow_history_validation_reuse,True,False,,0,0,2,0,0,0,0,0,False,True,UNKNOWN,UNCLASSIFIED
tests/test_current_shadow_history_worker_replay_fail_closed.py,tests.test_current_shadow_history_worker_replay_fail_closed,True,False,,0,0,1,0,0,0,0,0,False,True,UNKNOWN,UNCLASSIFIED
tests/test_current_shadow_history_worker_replay_once.py,tests.test_current_shadow_history_worker_replay_once,True,False,,0,0,2,0,0,0,0,0,False,True,UNKNOWN,UNCLASSIFIED
tests/test_current_shadow_model_diagnostic_trace.py,tests.test_current_shadow_model_diagnostic_trace,True,False,,0,0,3,0,0,0,0,0,False,True,UNKNOWN,UNCLASSIFIED
tests/test_current_shadow_nonlegacy_history.py,tests.test_current_shadow_nonlegacy_history,True,False,,0,0,3,0,0,0,0,0,False,True,UNKNOWN,UNCLASSIFIED
tests/test_current_shadow_persisted_identity_ancestry.py,tests.test_current_shadow_persisted_identity_ancestry,True,False,,0,0,2,0,0,0,0,0,False,True,UNKNOWN,UNCLASSIFIED
tests/test_current_shadow_pr_e_hardening.py,tests.test_current_shadow_pr_e_hardening,True,False,,0,0,5,0,0,0,0,0,False,True,UNKNOWN,UNCLASSIFIED
tests/test_current_shadow_price_stage_diagnostics.py,tests.test_current_shadow_price_stage_diagnostics,True,False,,0,0,1,0,0,0,0,0,False,True,UNKNOWN,UNCLASSIFIED
tests/test_current_shadow_retained_replay_serialization.py,tests.test_current_shadow_retained_replay_serialization,True,False,,0,0,2,0,0,0,0,0,False,True,UNKNOWN,UNCLASSIFIED
tests/test_current_shadow_seven_day_recovery.py,tests.test_current_shadow_seven_day_recovery,True,False,,0,0,5,0,0,0,0,0,False,True,UNKNOWN,UNCLASSIFIED
tests/test_current_shadow_source_aligned_policy_contract.py,tests.test_current_shadow_source_aligned_policy_contract,True,False,,0,0,3,0,0,0,0,0,False,True,UNKNOWN,UNCLASSIFIED
tests/test_current_shadow_source_aligned_router_v3.py,tests.test_current_shadow_source_aligned_router_v3,True,False,,0,0,5,0,0,0,0,0,False,True,UNKNOWN,UNCLASSIFIED
tests/test_current_shadow_source_market_scope.py,tests.test_current_shadow_source_market_scope,True,False,,0,0,4,0,0,0,0,0,False,True,UNKNOWN,UNCLASSIFIED
tests/test_current_shadow_sportybet_catalog_fanout_reconciliation.py,tests.test_current_shadow_sportybet_catalog_fanout_reconciliation,True,False,,0,0,1,0,0,0,0,0,False,True,UNKNOWN,UNCLASSIFIED
tests/test_current_shadow_sportybet_field_trial.py,tests.test_current_shadow_sportybet_field_trial,True,False,,2,0,5,0,0,0,2,0,False,False,UNKNOWN,UNCLASSIFIED
tests/test_current_shadow_sportybet_precreate_freshness.py,tests.test_current_shadow_sportybet_precreate_freshness,True,False,,0,0,3,0,0,0,0,0,False,True,UNKNOWN,UNCLASSIFIED
tests/test_current_shadow_sportybet_share_code.py,tests.test_current_shadow_sportybet_share_code,True,False,,1,0,3,0,0,0,1,0,False,False,UNKNOWN,UNCLASSIFIED
tests/test_current_shadow_sportybet_source_diagnostic.py,tests.test_current_shadow_sportybet_source_diagnostic,True,False,,0,0,1,0,0,0,0,0,False,True,UNKNOWN,UNCLASSIFIED
tests/test_current_shadow_sportybet_tolerant_live_inventory.py,tests.test_current_shadow_sportybet_tolerant_live_inventory,True,False,,0,0,2,0,0,0,0,0,False,True,UNKNOWN,UNCLASSIFIED
tests/test_current_shadow_sportybet_upcoming_reconciliation.py,tests.test_current_shadow_sportybet_upcoming_reconciliation,True,False,,0,0,1,0,0,0,0,0,False,True,UNKNOWN,UNCLASSIFIED
tests/test_current_shadow_sportybet_verified_package.py,tests.test_current_shadow_sportybet_verified_package,True,False,,0,0,4,0,0,0,0,0,False,True,UNKNOWN,UNCLASSIFIED
tests/test_current_sportybet_accumulator_execution.py,tests.test_current_sportybet_accumulator_execution,True,False,,0,0,4,0,0,0,0,0,False,True,UNKNOWN,UNCLASSIFIED
tests/test_current_sportybet_accumulator_request.py,tests.test_current_sportybet_accumulator_request,True,False,,0,0,2,0,0,0,0,0,False,True,UNKNOWN,UNCLASSIFIED
tests/test_current_sportybet_semantic_registry.py,tests.test_current_sportybet_semantic_registry,True,False,,0,0,4,0,0,0,0,0,False,True,UNKNOWN,UNCLASSIFIED
tests/test_current_sportybet_semantic_registry_discovery_churn.py,tests.test_current_sportybet_semantic_registry_discovery_churn,True,False,,0,0,2,0,0,0,0,0,False,True,UNKNOWN,UNCLASSIFIED
tests/test_early_payout_lead_path_probabilities.py,tests.test_early_payout_lead_path_probabilities,True,False,,0,0,5,0,0,0,0,0,False,True,UNKNOWN,UNCLASSIFIED
tests/test_evidence_baseline.py,tests.test_evidence_baseline,True,True,DIRECT_PYTHON_ENTRYPOINT,0,0,3,0,0,4,0,0,False,True,UNKNOWN,UNCLASSIFIED
tests/test_evidence_contract.py,tests.test_evidence_contract,True,True,DIRECT_PYTHON_ENTRYPOINT,0,0,7,0,0,0,0,0,False,True,UNKNOWN,UNCLASSIFIED
tests/test_execute_current_shadow_request.py,tests.test_execute_current_shadow_request,True,False,,0,0,5,0,0,0,0,0,False,True,UNKNOWN,UNCLASSIFIED
tests/test_execute_current_shadow_request_xg_hook_cleanup.py,tests.test_execute_current_shadow_request_xg_hook_cleanup,True,False,,0,0,2,0,2,0,0,0,False,True,UNKNOWN,UNCLASSIFIED
tests/test_execute_fotmob_utc_native_expected_goals_model_validation_workflow.py,tests.test_execute_fotmob_utc_native_expected_goals_model_validation_workflow,True,False,,0,0,0,0,0,0,0,0,False,True,UNKNOWN,UNCLASSIFIED
tests/test_execute_fotmob_utc_native_successor_feature_qualification_v2_workflow.py,tests.test_execute_fotmob_utc_native_successor_feature_qualification_v2_workflow,True,False,,0,0,0,0,0,0,0,0,False,True,UNKNOWN,UNCLASSIFIED
tests/test_execute_fotmob_utc_native_successor_feature_qualification_workflow.py,tests.test_execute_fotmob_utc_native_successor_feature_qualification_workflow,True,False,,0,0,0,0,0,0,0,0,False,True,UNKNOWN,UNCLASSIFIED
tests/test_execute_source_replayed_sportybet_fotmob_reconciliation.py,tests.test_execute_source_replayed_sportybet_fotmob_reconciliation,True,False,,0,0,3,0,0,0,0,0,False,True,UNKNOWN,UNCLASSIFIED
tests/test_fixture_catalog.py,tests.test_fixture_catalog,True,False,,0,0,2,0,0,7,0,0,False,True,UNKNOWN,UNCLASSIFIED
tests/test_fixture_intelligence.py,tests.test_fixture_intelligence,True,True,DIRECT_PYTHON_ENTRYPOINT,0,0,1,0,0,0,0,0,False,True,UNKNOWN,UNCLASSIFIED
tests/test_fixture_model_features.py,tests.test_fixture_model_features,True,False,,0,0,3,0,0,0,0,0,False,True,UNKNOWN,UNCLASSIFIED
tests/test_fixture_state_v2.py,tests.test_fixture_state_v2,True,False,,0,0,3,0,0,0,0,0,False,True,UNKNOWN,UNCLASSIFIED
tests/test_football_api_provider.py,tests.test_football_api_provider,True,True,DIRECT_PYTHON_ENTRYPOINT,0,0,1,0,0,0,0,0,False,True,UNKNOWN,UNCLASSIFIED
tests/test_football_data_half_time_ingestion.py,tests.test_football_data_half_time_ingestion,True,True,DIRECT_PYTHON_ENTRYPOINT,0,0,7,0,0,0,0,0,False,True,UNKNOWN,UNCLASSIFIED
tests/test_football_data_org_provider.py,tests.test_football_data_org_provider,True,True,DIRECT_PYTHON_ENTRYPOINT,0,0,1,0,0,0,0,0,False,True,UNKNOWN,UNCLASSIFIED
tests/test_forward_calibration.py,tests.test_forward_calibration,True,False,,0,0,3,0,0,0,0,0,False,True,UNKNOWN,UNCLASSIFIED
tests/test_forward_calibration_artifact_hardening.py,tests.test_forward_calibration_artifact_hardening,True,False,,0,0,2,0,0,0,0,0,False,True,UNKNOWN,UNCLASSIFIED
tests/test_fotmob_capture.py,tests.test_fotmob_capture,True,False,,0,0,3,0,0,0,0,0,False,True,UNKNOWN,UNCLASSIFIED
tests/test_fotmob_data_matches_capture.py,tests.test_fotmob_data_matches_capture,True,False,,0,0,4,0,0,1,0,0,False,True,UNKNOWN,UNCLASSIFIED
tests/test_fotmob_data_matches_eliminated_team_id_value_domain_extension.py,tests.test_fotmob_data_matches_eliminated_team_id_value_domain_extension,True,False,,0,0,5,0,0,0,0,0,False,True,UNKNOWN,UNCLASSIFIED
tests/test_fotmob_data_matches_eliminated_team_id_value_domain_protocol.py,tests.test_fotmob_data_matches_eliminated_team_id_value_domain_protocol,True,False,,0,0,3,0,0,0,0,0,False,True,UNKNOWN,UNCLASSIFIED
tests/test_fotmob_data_matches_final_result_semantics_protocol.py,tests.test_fotmob_data_matches_final_result_semantics_protocol,True,False,,0,0,2,0,0,0,0,0,False,True,UNKNOWN,UNCLASSIFIED
tests/test_fotmob_data_matches_final_result_semantics_validation.py,tests.test_fotmob_data_matches_final_result_semantics_validation,True,False,,0,0,3,0,0,0,0,0,False,True,UNKNOWN,UNCLASSIFIED
tests/test_fotmob_data_matches_final_result_semantics_validation_with_reason_gate.py,tests.test_fotmob_data_matches_final_result_semantics_validation_with_reason_gate,True,False,,0,0,3,0,0,0,0,0,False,True,UNKNOWN,UNCLASSIFIED
tests/test_fotmob_data_matches_full_time_score_capability_promotion_assessment.py,tests.test_fotmob_data_matches_full_time_score_capability_promotion_assessment,True,False,,0,0,3,0,0,0,0,0,False,True,UNKNOWN,UNCLASSIFIED
tests/test_fotmob_data_matches_full_time_score_capability_promotion_assessment_with_validated_adapter.py,tests.test_fotmob_data_matches_full_time_score_capability_promotion_assessment_with_validated_adapter,True,False,,0,0,6,0,0,1,0,0,False,True,UNKNOWN,UNCLASSIFIED
tests/test_fotmob_data_matches_full_time_score_capability_promotion_protocol.py,tests.test_fotmob_data_matches_full_time_score_capability_promotion_protocol,True,False,,0,0,5,0,0,0,0,0,False,True,UNKNOWN,UNCLASSIFIED
tests/test_fotmob_data_matches_ordinary_ft_finished_score_adapter.py,tests.test_fotmob_data_matches_ordinary_ft_finished_score_adapter,True,False,,0,0,3,0,0,0,0,0,False,True,UNKNOWN,UNCLASSIFIED
tests/test_fotmob_data_matches_ordinary_ft_finished_score_adapter_mutation.py,tests.test_fotmob_data_matches_ordinary_ft_finished_score_adapter_mutation,True,False,,0,0,2,0,1,0,0,0,False,True,UNKNOWN,UNCLASSIFIED
tests/test_fotmob_data_matches_ordinary_ft_finished_score_adapter_validation.py,tests.test_fotmob_data_matches_ordinary_ft_finished_score_adapter_validation,True,False,,0,0,3,0,0,0,0,0,False,True,UNKNOWN,UNCLASSIFIED
tests/test_fotmob_data_matches_post_finish_capture_pair_evidence.py,tests.test_fotmob_data_matches_post_finish_capture_pair_evidence,True,False,,0,0,4,0,0,0,0,0,False,True,UNKNOWN,UNCLASSIFIED
tests/test_fotmob_data_matches_probe.py,tests.test_fotmob_data_matches_probe,True,False,,0,0,3,0,0,0,0,0,False,True,UNKNOWN,UNCLASSIFIED
tests/test_fotmob_data_matches_schema.py,tests.test_fotmob_data_matches_schema,True,False,,0,0,5,0,0,0,0,0,False,True,UNKNOWN,UNCLASSIFIED
tests/test_fotmob_data_matches_status_reason_semantics_protocol.py,tests.test_fotmob_data_matches_status_reason_semantics_protocol,True,False,,0,0,4,0,0,0,0,0,False,True,UNKNOWN,UNCLASSIFIED
tests/test_fotmob_data_matches_status_reason_semantics_validation.py,tests.test_fotmob_data_matches_status_reason_semantics_validation,True,False,,0,0,4,0,0,0,0,0,False,True,UNKNOWN,UNCLASSIFIED
tests/test_fotmob_data_matches_terminal_state_schema_extension.py,tests.test_fotmob_data_matches_terminal_state_schema_extension,True,False,,0,0,6,0,0,0,0,0,False,True,UNKNOWN,UNCLASSIFIED
tests/test_fotmob_data_matches_terminal_state_schema_extension_protocol.py,tests.test_fotmob_data_matches_terminal_state_schema_extension_protocol,True,False,,0,0,4,0,0,0,0,0,False,True,UNKNOWN,UNCLASSIFIED
tests/test_fotmob_fixture_candidate_review.py,tests.test_fotmob_fixture_candidate_review,True,False,,0,0,5,0,0,0,0,0,False,True,UNKNOWN,UNCLASSIFIED
tests/test_fotmob_fixture_candidates.py,tests.test_fotmob_fixture_candidates,True,False,,0,0,5,0,0,0,0,0,False,True,UNKNOWN,UNCLASSIFIED
tests/test_fotmob_fixture_catalog_handoff.py,tests.test_fotmob_fixture_catalog_handoff,True,False,,0,0,5,0,0,0,0,0,False,True,UNKNOWN,UNCLASSIFIED
tests/test_fotmob_fresh_holdout_actions_lineage_audit.py,tests.test_fotmob_fresh_holdout_actions_lineage_audit,True,False,,1,0,1,0,0,0,1,0,False,False,UNKNOWN,UNCLASSIFIED
tests/test_fotmob_fresh_holdout_actions_lineage_audit_failure_reporting.py,tests.test_fotmob_fresh_holdout_actions_lineage_audit_failure_reporting,True,False,,0,0,0,0,0,0,0,0,False,True,UNKNOWN,UNCLASSIFIED
tests/test_fotmob_fresh_holdout_actions_lineage_audit_open_control_issue.py,tests.test_fotmob_fresh_holdout_actions_lineage_audit_open_control_issue,True,False,,0,0,0,0,0,0,0,0,False,True,UNKNOWN,UNCLASSIFIED
tests/test_fotmob_fresh_holdout_actions_lineage_audit_pr175_projection.py,tests.test_fotmob_fresh_holdout_actions_lineage_audit_pr175_projection,True,False,,0,0,4,0,0,0,0,0,False,True,UNKNOWN,UNCLASSIFIED
tests/test_fotmob_fresh_holdout_actions_lineage_preacquisition_projection.py,tests.test_fotmob_fresh_holdout_actions_lineage_preacquisition_projection,True,False,,0,0,2,0,0,0,0,0,False,True,UNKNOWN,UNCLASSIFIED
tests/test_fotmob_fresh_holdout_actions_lineage_schedule_recovery_projection.py,tests.test_fotmob_fresh_holdout_actions_lineage_schedule_recovery_projection,True,False,,0,0,3,0,0,0,0,0,False,True,UNKNOWN,UNCLASSIFIED
tests/test_fotmob_fresh_holdout_ambiguous_schedule_no_acquisition_recovery.py,tests.test_fotmob_fresh_holdout_ambiguous_schedule_no_acquisition_recovery,True,False,,0,0,3,0,0,0,0,0,False,True,UNKNOWN,UNCLASSIFIED
tests/test_fotmob_fresh_holdout_campaign_origin_recovery.py,tests.test_fotmob_fresh_holdout_campaign_origin_recovery,True,False,,0,0,3,0,0,0,0,0,False,True,UNKNOWN,UNCLASSIFIED
tests/test_fotmob_fresh_holdout_capture_qualification_adapter.py,tests.test_fotmob_fresh_holdout_capture_qualification_adapter,True,False,,0,0,4,0,0,0,0,0,False,True,UNKNOWN,UNCLASSIFIED
tests/test_fotmob_fresh_holdout_continuity.py,tests.test_fotmob_fresh_holdout_continuity,True,False,,0,0,1,0,0,0,0,0,False,True,UNKNOWN,UNCLASSIFIED
tests/test_fotmob_fresh_holdout_continuity_dispatch_binding.py,tests.test_fotmob_fresh_holdout_continuity_dispatch_binding,True,False,,0,0,1,0,0,0,0,0,False,True,UNKNOWN,UNCLASSIFIED
tests/test_fotmob_fresh_holdout_continuity_projection_reader_integration.py,tests.test_fotmob_fresh_holdout_continuity_projection_reader_integration,True,False,,0,0,6,0,0,0,0,0,False,True,UNKNOWN,UNCLASSIFIED
tests/test_fotmob_fresh_holdout_continuity_receipt_bridge.py,tests.test_fotmob_fresh_holdout_continuity_receipt_bridge,True,False,,0,0,0,0,0,0,0,0,False,True,UNKNOWN,UNCLASSIFIED
tests/test_fotmob_fresh_holdout_continuity_recovery.py,tests.test_fotmob_fresh_holdout_continuity_recovery,True,False,,0,0,1,0,0,0,0,0,False,True,UNKNOWN,UNCLASSIFIED
tests/test_fotmob_fresh_holdout_continuity_workflow.py,tests.test_fotmob_fresh_holdout_continuity_workflow,True,False,,0,0,0,0,0,0,0,0,False,True,UNKNOWN,UNCLASSIFIED
tests/test_fotmob_fresh_holdout_delayed_schedule_duplicate.py,tests.test_fotmob_fresh_holdout_delayed_schedule_duplicate,True,False,,0,0,1,0,0,0,0,0,False,True,UNKNOWN,UNCLASSIFIED
tests/test_fotmob_fresh_holdout_duplicate_group_wrapper.py,tests.test_fotmob_fresh_holdout_duplicate_group_wrapper,True,False,,0,0,3,0,0,0,0,0,False,True,UNKNOWN,UNCLASSIFIED
tests/test_fotmob_fresh_holdout_early_schedule_delivery.py,tests.test_fotmob_fresh_holdout_early_schedule_delivery,True,False,,0,0,2,0,0,0,0,0,False,True,UNKNOWN,UNCLASSIFIED
tests/test_fotmob_fresh_holdout_historical_same_slot_provider_duplicate.py,tests.test_fotmob_fresh_holdout_historical_same_slot_provider_duplicate,True,False,,0,0,5,0,0,0,0,0,False,True,UNKNOWN,UNCLASSIFIED
tests/test_fotmob_fresh_holdout_legacy_queued_dispatch_projection.py,tests.test_fotmob_fresh_holdout_legacy_queued_dispatch_projection,True,False,,0,0,2,0,0,0,0,0,False,True,UNKNOWN,UNCLASSIFIED
tests/test_fotmob_fresh_holdout_ordinary_ft_settlement_schema_adapter.py,tests.test_fotmob_fresh_holdout_ordinary_ft_settlement_schema_adapter,True,False,,0,0,6,0,0,0,0,0,False,True,UNKNOWN,UNCLASSIFIED
tests/test_fotmob_fresh_holdout_pr119_bootstrap_recovery.py,tests.test_fotmob_fresh_holdout_pr119_bootstrap_recovery,True,False,,0,0,2,0,0,1,0,0,False,True,UNKNOWN,UNCLASSIFIED
tests/test_fotmob_fresh_holdout_queued_no_execution_dispatch_projection.py,tests.test_fotmob_fresh_holdout_queued_no_execution_dispatch_projection,True,False,,0,0,2,0,0,0,0,0,False,True,UNKNOWN,UNCLASSIFIED
tests/test_fotmob_fresh_holdout_release_receipt_mirror.py,tests.test_fotmob_fresh_holdout_release_receipt_mirror,True,False,,0,0,1,0,0,0,0,0,False,True,UNKNOWN,UNCLASSIFIED
tests/test_fotmob_fresh_holdout_release_receipt_mirror_transport.py,tests.test_fotmob_fresh_holdout_release_receipt_mirror_transport,True,False,,0,0,3,0,0,1,0,0,False,True,UNKNOWN,UNCLASSIFIED
tests/test_fotmob_fresh_holdout_scheduler_liveness.py,tests.test_fotmob_fresh_holdout_scheduler_liveness,True,False,,0,0,1,0,0,0,0,0,False,True,UNKNOWN,UNCLASSIFIED
tests/test_fotmob_fresh_holdout_workflow_history_pagination.py,tests.test_fotmob_fresh_holdout_workflow_history_pagination,True,False,,0,0,0,0,0,0,0,0,False,True,UNKNOWN,UNCLASSIFIED
tests/test_fotmob_fresh_holdout_zero_artifact_bootstrap_recovery.py,tests.test_fotmob_fresh_holdout_zero_artifact_bootstrap_recovery,True,False,,0,0,3,0,0,0,0,0,False,True,UNKNOWN,UNCLASSIFIED
tests/test_fotmob_historical_source_history_adapter_protocol.py,tests.test_fotmob_historical_source_history_adapter_protocol,True,False,,0,0,2,0,0,0,0,0,False,True,UNKNOWN,UNCLASSIFIED
tests/test_fotmob_historical_source_history_adapter_qualification.py,tests.test_fotmob_historical_source_history_adapter_qualification,True,False,,0,0,2,0,0,0,0,0,False,True,UNKNOWN,UNCLASSIFIED
tests/test_fotmob_historical_source_history_completeness_materialization_protocol.py,tests.test_fotmob_historical_source_history_completeness_materialization_protocol,True,False,,0,0,5,0,0,0,0,0,False,True,UNKNOWN,UNCLASSIFIED
tests/test_fotmob_historical_source_history_completeness_materialization_qualification.py,tests.test_fotmob_historical_source_history_completeness_materialization_qualification,True,False,,0,0,3,0,0,0,0,0,False,True,UNKNOWN,UNCLASSIFIED
tests/test_fotmob_ordinary_ft_finished_score_source_history_completeness_assessment.py,tests.test_fotmob_ordinary_ft_finished_score_source_history_completeness_assessment,True,False,,0,0,2,0,0,0,0,0,False,True,UNKNOWN,UNCLASSIFIED
tests/test_fotmob_ordinary_ft_finished_score_source_history_completeness_protocol.py,tests.test_fotmob_ordinary_ft_finished_score_source_history_completeness_protocol,True,False,,0,0,3,0,0,0,0,0,False,True,UNKNOWN,UNCLASSIFIED
tests/test_fotmob_ordinary_ft_source_history_acquisition_protocol.py,tests.test_fotmob_ordinary_ft_source_history_acquisition_protocol,True,False,,0,0,1,0,0,0,0,0,False,True,UNKNOWN,UNCLASSIFIED
tests/test_fotmob_ordinary_ft_source_history_acquisition_runner.py,tests.test_fotmob_ordinary_ft_source_history_acquisition_runner,True,False,,0,0,2,0,0,0,0,0,False,True,UNKNOWN,UNCLASSIFIED
tests/test_fotmob_ordinary_ft_source_history_campaign_completeness_receipt.py,tests.test_fotmob_ordinary_ft_source_history_campaign_completeness_receipt,True,False,,0,0,1,0,0,0,0,0,False,True,UNKNOWN,UNCLASSIFIED
tests/test_fotmob_ordinary_ft_source_history_campaign_execution_lane.py,tests.test_fotmob_ordinary_ft_source_history_campaign_execution_lane,True,False,,0,0,0,0,0,0,0,0,False,True,UNKNOWN,UNCLASSIFIED
tests/test_fotmob_page_capture.py,tests.test_fotmob_page_capture,True,False,,0,0,3,0,0,2,0,0,False,True,UNKNOWN,UNCLASSIFIED
tests/test_fotmob_page_state.py,tests.test_fotmob_page_state,True,False,,0,0,4,0,0,0,0,0,False,True,UNKNOWN,UNCLASSIFIED
tests/test_fotmob_pr80_source_local_time_semantic_equivalence_protocol.py,tests.test_fotmob_pr80_source_local_time_semantic_equivalence_protocol,True,False,,0,0,1,0,0,0,0,0,False,True,UNKNOWN,UNCLASSIFIED
tests/test_fotmob_pr80_source_local_time_semantic_equivalence_qualification.py,tests.test_fotmob_pr80_source_local_time_semantic_equivalence_qualification,True,False,,0,0,2,0,0,0,0,0,False,True,UNKNOWN,UNCLASSIFIED
tests/test_fotmob_primary_id_competition_mapping_qualification.py,tests.test_fotmob_primary_id_competition_mapping_qualification,True,False,,0,0,2,0,0,0,0,0,False,True,UNKNOWN,UNCLASSIFIED
tests/test_fotmob_primary_id_competition_mapping_semantics_protocol.py,tests.test_fotmob_primary_id_competition_mapping_semantics_protocol,True,False,,0,0,1,0,0,0,0,0,False,True,UNKNOWN,UNCLASSIFIED
tests/test_fotmob_prospective_player_context_campaign.py,tests.test_fotmob_prospective_player_context_campaign,True,False,,0,0,5,0,0,0,0,0,False,True,UNKNOWN,UNCLASSIFIED
tests/test_fotmob_real_player_context_array_admission.py,tests.test_fotmob_real_player_context_array_admission,True,False,,0,0,2,0,0,0,0,0,False,True,UNKNOWN,UNCLASSIFIED
tests/test_fotmob_real_player_context_authoritative_bridge.py,tests.test_fotmob_real_player_context_authoritative_bridge,True,False,,0,0,4,0,0,0,0,0,False,True,UNKNOWN,UNCLASSIFIED
tests/test_fotmob_real_player_context_team_strength_handoff.py,tests.test_fotmob_real_player_context_team_strength_handoff,True,False,,0,0,1,0,0,0,0,0,False,True,UNKNOWN,UNCLASSIFIED
tests/test_fotmob_reviewed_catalog_source_capability.py,tests.test_fotmob_reviewed_catalog_source_capability,True,False,,0,0,1,0,0,0,0,0,False,True,UNKNOWN,UNCLASSIFIED
tests/test_fotmob_reviewed_match_details_array_records.py,tests.test_fotmob_reviewed_match_details_array_records,True,False,,0,0,5,0,0,0,0,0,False,True,UNKNOWN,UNCLASSIFIED
tests/test_fotmob_reviewed_match_details_capture.py,tests.test_fotmob_reviewed_match_details_capture,True,False,,0,0,4,0,0,0,0,0,False,True,UNKNOWN,UNCLASSIFIED
tests/test_fotmob_reviewed_match_details_capture_artifact.py,tests.test_fotmob_reviewed_match_details_capture_artifact,True,False,,0,0,3,0,0,0,0,0,False,True,UNKNOWN,UNCLASSIFIED
tests/test_fotmob_reviewed_match_details_expected_goals_transform_candidate.py,tests.test_fotmob_reviewed_match_details_expected_goals_transform_candidate,True,False,,0,0,2,0,0,0,0,0,False,True,UNKNOWN,UNCLASSIFIED
tests/test_fotmob_reviewed_match_details_fact_status_materializer.py,tests.test_fotmob_reviewed_match_details_fact_status_materializer,True,False,,0,0,7,0,0,0,0,0,False,True,UNKNOWN,UNCLASSIFIED
tests/test_fotmob_reviewed_match_details_field_evidence_qualification.py,tests.test_fotmob_reviewed_match_details_field_evidence_qualification,True,False,,0,0,4,0,0,0,0,0,False,True,UNKNOWN,UNCLASSIFIED
tests/test_fotmob_reviewed_match_details_field_evidence_qualification_mutation_revalidation.py,tests.test_fotmob_reviewed_match_details_field_evidence_qualification_mutation_revalidation,True,False,,0,0,1,0,0,0,0,0,False,True,UNKNOWN,UNCLASSIFIED
tests/test_fotmob_reviewed_match_details_field_review.py,tests.test_fotmob_reviewed_match_details_field_review,True,False,,0,0,3,0,0,0,0,0,False,True,UNKNOWN,UNCLASSIFIED
tests/test_fotmob_reviewed_match_details_fixture_intelligence_snapshot.py,tests.test_fotmob_reviewed_match_details_fixture_intelligence_snapshot,True,False,,0,0,6,0,0,0,0,0,False,True,UNKNOWN,UNCLASSIFIED
tests/test_fotmob_reviewed_match_details_model_feature_handoff.py,tests.test_fotmob_reviewed_match_details_model_feature_handoff,True,False,,0,0,7,0,0,0,0,0,False,True,UNKNOWN,UNCLASSIFIED
tests/test_fotmob_reviewed_match_details_persisted_evidence.py,tests.test_fotmob_reviewed_match_details_persisted_evidence,True,False,,0,0,2,0,0,0,0,0,False,True,UNKNOWN,UNCLASSIFIED
tests/test_fotmob_reviewed_match_details_probability_model_readiness.py,tests.test_fotmob_reviewed_match_details_probability_model_readiness,True,False,,0,0,8,0,0,0,0,0,False,True,UNKNOWN,UNCLASSIFIED
tests/test_fotmob_reviewed_match_details_probe.py,tests.test_fotmob_reviewed_match_details_probe,True,False,,0,0,5,0,0,0,0,0,False,True,UNKNOWN,UNCLASSIFIED
tests/test_fotmob_reviewed_match_details_probe_hardening.py,tests.test_fotmob_reviewed_match_details_probe_hardening,True,False,,0,0,4,0,0,0,0,0,False,True,UNKNOWN,UNCLASSIFIED
tests/test_fotmob_reviewed_match_details_snapshot_candidate_admission.py,tests.test_fotmob_reviewed_match_details_snapshot_candidate_admission,True,False,,0,0,3,0,1,0,0,0,False,True,UNKNOWN,UNCLASSIFIED
tests/test_fotmob_reviewed_match_details_snapshot_candidate_set.py,tests.test_fotmob_reviewed_match_details_snapshot_candidate_set,True,False,,0,0,4,0,4,0,0,0,False,True,UNKNOWN,UNCLASSIFIED
tests/test_fotmob_reviewed_match_details_status_classification_policy.py,tests.test_fotmob_reviewed_match_details_status_classification_policy,True,False,,0,0,3,0,0,0,0,0,False,True,UNKNOWN,UNCLASSIFIED
tests/test_fotmob_reviewed_match_details_status_classification_policy_semantics.py,tests.test_fotmob_reviewed_match_details_status_classification_policy_semantics,True,False,,0,0,1,0,0,0,0,0,False,True,UNKNOWN,UNCLASSIFIED
tests/test_fotmob_reviewed_match_details_status_evaluator.py,tests.test_fotmob_reviewed_match_details_status_evaluator,True,False,,0,0,4,0,1,0,0,0,False,True,UNKNOWN,UNCLASSIFIED
tests/test_fotmob_reviewed_match_details_structure.py,tests.test_fotmob_reviewed_match_details_structure,True,False,,0,0,2,0,0,0,0,0,False,True,UNKNOWN,UNCLASSIFIED
tests/test_fotmob_reviewed_match_details_unverified_candidate_revalidation.py,tests.test_fotmob_reviewed_match_details_unverified_candidate_revalidation,True,False,,0,0,3,0,0,0,0,0,False,True,UNKNOWN,UNCLASSIFIED
tests/test_fotmob_reviewed_match_details_unverified_candidates.py,tests.test_fotmob_reviewed_match_details_unverified_candidates,True,False,,0,0,4,0,0,0,0,0,False,True,UNKNOWN,UNCLASSIFIED
tests/test_fotmob_reviewed_match_details_unverified_facts.py,tests.test_fotmob_reviewed_match_details_unverified_facts,True,False,,0,0,5,0,0,0,0,0,False,True,UNKNOWN,UNCLASSIFIED
tests/test_fotmob_reviewed_ordinary_ft_finished_score_source_capability.py,tests.test_fotmob_reviewed_ordinary_ft_finished_score_source_capability,True,False,,0,0,3,0,0,0,0,0,False,True,UNKNOWN,UNCLASSIFIED
tests/test_fotmob_reviewed_team_strength_context_adapter.py,tests.test_fotmob_reviewed_team_strength_context_adapter,True,False,,0,0,6,0,0,0,0,0,False,True,UNKNOWN,UNCLASSIFIED
tests/test_fotmob_source_history_adapter_completeness_assessment.py,tests.test_fotmob_source_history_adapter_completeness_assessment,True,False,,0,0,2,0,0,0,0,0,False,True,UNKNOWN,UNCLASSIFIED
tests/test_fotmob_source_history_elo_initialization_boundary_protocol.py,tests.test_fotmob_source_history_elo_initialization_boundary_protocol,True,False,,0,0,4,0,0,0,0,0,False,True,UNKNOWN,UNCLASSIFIED
tests/test_fotmob_source_history_elo_initialization_boundary_qualification.py,tests.test_fotmob_source_history_elo_initialization_boundary_qualification,True,False,,0,0,2,0,0,0,0,0,False,True,UNKNOWN,UNCLASSIFIED
tests/test_fotmob_source_history_rearrangement_chronology_qualification.py,tests.test_fotmob_source_history_rearrangement_chronology_qualification,True,False,,0,0,3,0,0,0,0,0,False,True,UNKNOWN,UNCLASSIFIED
tests/test_fotmob_source_history_rearrangement_chronology_semantics_protocol.py,tests.test_fotmob_source_history_rearrangement_chronology_semantics_protocol,True,False,,0,0,2,0,0,0,0,0,False,True,UNKNOWN,UNCLASSIFIED
tests/test_fotmob_source_history_special_result_semantics_protocol.py,tests.test_fotmob_source_history_special_result_semantics_protocol,True,False,,0,0,1,0,0,0,0,0,False,True,UNKNOWN,UNCLASSIFIED
tests/test_fotmob_source_history_special_result_semantics_qualification.py,tests.test_fotmob_source_history_special_result_semantics_qualification,True,False,,0,0,1,0,0,0,0,0,False,True,UNKNOWN,UNCLASSIFIED
tests/test_fotmob_source_probe.py,tests.test_fotmob_source_probe,True,False,,0,0,3,0,0,0,0,0,False,True,UNKNOWN,UNCLASSIFIED
tests/test_fotmob_team_strength_fixture_intelligence.py,tests.test_fotmob_team_strength_fixture_intelligence,True,False,,0,0,1,0,0,0,0,0,False,True,UNKNOWN,UNCLASSIFIED
tests/test_fotmob_utc_native_expected_goals_fresh_holdout.py,tests.test_fotmob_utc_native_expected_goals_fresh_holdout,True,False,,0,0,3,0,0,0,0,0,False,True,UNKNOWN,UNCLASSIFIED
tests/test_fotmob_utc_native_expected_goals_fresh_holdout_activation_runner.py,tests.test_fotmob_utc_native_expected_goals_fresh_holdout_activation_runner,True,False,,0,0,5,0,0,0,0,0,False,True,UNKNOWN,UNCLASSIFIED
tests/test_fotmob_utc_native_expected_goals_fresh_holdout_calibration_competition_protocol.py,tests.test_fotmob_utc_native_expected_goals_fresh_holdout_calibration_competition_protocol,True,False,,0,0,1,0,0,0,0,0,False,True,UNKNOWN,UNCLASSIFIED
tests/test_fotmob_utc_native_expected_goals_fresh_holdout_collection_control.py,tests.test_fotmob_utc_native_expected_goals_fresh_holdout_collection_control,True,False,,0,0,3,0,0,0,0,0,False,True,UNKNOWN,UNCLASSIFIED
tests/test_fotmob_utc_native_expected_goals_fresh_holdout_confirmation_evaluator.py,tests.test_fotmob_utc_native_expected_goals_fresh_holdout_confirmation_evaluator,True,False,,0,0,2,0,0,0,0,0,False,True,UNKNOWN,UNCLASSIFIED
tests/test_fotmob_utc_native_expected_goals_fresh_holdout_failure_lineage.py,tests.test_fotmob_utc_native_expected_goals_fresh_holdout_failure_lineage,True,False,,0,0,6,0,0,0,0,0,False,True,UNKNOWN,UNCLASSIFIED
tests/test_fotmob_utc_native_expected_goals_model_validation.py,tests.test_fotmob_utc_native_expected_goals_model_validation,True,False,,0,0,3,0,0,0,0,0,False,True,UNKNOWN,UNCLASSIFIED
tests/test_fotmob_utc_native_expected_goals_model_validation_protocol.py,tests.test_fotmob_utc_native_expected_goals_model_validation_protocol,True,False,,0,0,1,0,0,0,0,0,False,True,UNKNOWN,UNCLASSIFIED
tests/test_fotmob_utc_native_expected_goals_model_validation_result_review.py,tests.test_fotmob_utc_native_expected_goals_model_validation_result_review,True,False,,0,0,1,0,0,0,0,0,False,True,UNKNOWN,UNCLASSIFIED
tests/test_fotmob_utc_native_successor_feature_construction_protocol.py,tests.test_fotmob_utc_native_successor_feature_construction_protocol,True,False,,0,0,1,0,0,0,0,0,False,True,UNKNOWN,UNCLASSIFIED
tests/test_fotmob_utc_native_successor_feature_construction_qualification.py,tests.test_fotmob_utc_native_successor_feature_construction_qualification,True,False,,0,0,1,0,0,0,0,0,False,True,UNKNOWN,UNCLASSIFIED
tests/test_fotmob_utc_native_xg_fresh_holdout_confirmation_source_replay.py,tests.test_fotmob_utc_native_xg_fresh_holdout_confirmation_source_replay,True,False,,0,0,5,0,0,0,0,0,False,True,UNKNOWN,UNCLASSIFIED
tests/test_global_backbone_retention.py,tests.test_global_backbone_retention,True,False,,0,0,1,0,0,0,0,0,False,True,UNKNOWN,UNCLASSIFIED
tests/test_goal_score_dynamics.py,tests.test_goal_score_dynamics,True,False,,0,0,2,0,0,0,0,0,False,True,UNKNOWN,UNCLASSIFIED
tests/test_goal_score_training_view.py,tests.test_goal_score_training_view,True,False,,0,0,2,0,0,0,0,0,False,True,UNKNOWN,UNCLASSIFIED
tests/test_half_time_data.py,tests.test_half_time_data,True,True,DIRECT_PYTHON_ENTRYPOINT,0,0,5,0,0,0,0,0,False,True,UNKNOWN,UNCLASSIFIED
tests/test_historical_asof_features.py,tests.test_historical_asof_features,True,False,,0,0,3,0,0,0,0,0,False,True,UNKNOWN,UNCLASSIFIED
tests/test_historical_asof_source_issuance.py,tests.test_historical_asof_source_issuance,True,False,,0,0,4,0,1,0,0,0,False,True,UNKNOWN,UNCLASSIFIED
tests/test_historical_data_integrity.py,tests.test_historical_data_integrity,True,False,,0,0,4,0,0,0,0,0,False,True,UNKNOWN,UNCLASSIFIED
tests/test_historical_expected_goals_component_validation.py,tests.test_historical_expected_goals_component_validation,True,False,,0,0,4,0,0,0,0,0,False,True,UNKNOWN,UNCLASSIFIED
tests/test_historical_expected_goals_real_corpus_validation_receipt.py,tests.test_historical_expected_goals_real_corpus_validation_receipt,True,False,,0,0,0,0,0,0,0,0,False,True,UNKNOWN,UNCLASSIFIED
tests/test_historical_expected_goals_successor_candidate.py,tests.test_historical_expected_goals_successor_candidate,True,False,,0,0,5,0,0,0,0,0,False,True,UNKNOWN,UNCLASSIFIED
tests/test_historical_expected_goals_successor_protocol.py,tests.test_historical_expected_goals_successor_protocol,True,False,,0,0,1,0,0,0,0,0,False,True,UNKNOWN,UNCLASSIFIED
tests/test_historical_expected_goals_successor_real_corpus_receipt.py,tests.test_historical_expected_goals_successor_real_corpus_receipt,True,False,,0,0,0,0,0,0,0,0,False,True,UNKNOWN,UNCLASSIFIED
tests/test_historical_expected_goals_successor_robustness_evaluator.py,tests.test_historical_expected_goals_successor_robustness_evaluator,True,False,,0,0,6,0,0,1,0,0,False,True,UNKNOWN,UNCLASSIFIED
tests/test_historical_expected_goals_successor_robustness_protocol.py,tests.test_historical_expected_goals_successor_robustness_protocol,True,False,,0,0,1,0,0,1,0,0,False,True,UNKNOWN,UNCLASSIFIED
tests/test_historical_expected_goals_successor_robustness_real_corpus_receipt.py,tests.test_historical_expected_goals_successor_robustness_real_corpus_receipt,True,False,,0,0,0,0,0,0,0,0,False,True,UNKNOWN,UNCLASSIFIED
tests/test_historical_hierarchy_freshness.py,tests.test_historical_hierarchy_freshness,True,False,,0,0,3,0,0,0,0,0,False,True,UNKNOWN,UNCLASSIFIED
tests/test_historical_model_feature_replay_candidate.py,tests.test_historical_model_feature_replay_candidate,True,False,,0,0,3,0,0,0,0,0,False,True,UNKNOWN,UNCLASSIFIED
tests/test_historical_quality_refresh.py,tests.test_historical_quality_refresh,True,False,,0,0,3,0,0,0,0,0,False,True,UNKNOWN,UNCLASSIFIED
tests/test_historical_results_loader_invocation.py,tests.test_historical_results_loader_invocation,True,True,DIRECT_PYTHON_ENTRYPOINT,0,0,0,0,0,1,0,0,False,True,UNKNOWN,UNCLASSIFIED
tests/test_historical_season_completeness.py,tests.test_historical_season_completeness,True,False,,0,0,2,0,0,0,0,0,False,True,UNKNOWN,UNCLASSIFIED
tests/test_historical_training_coverage.py,tests.test_historical_training_coverage,True,False,,0,0,7,0,1,0,0,0,False,True,UNKNOWN,UNCLASSIFIED
tests/test_historical_training_coverage_hardening.py,tests.test_historical_training_coverage_hardening,True,False,,0,0,5,0,0,0,0,0,False,True,UNKNOWN,UNCLASSIFIED
tests/test_historical_training_coverage_row_issuance.py,tests.test_historical_training_coverage_row_issuance,True,False,,0,0,2,0,0,0,0,0,False,True,UNKNOWN,UNCLASSIFIED
tests/test_historical_warehouse.py,tests.test_historical_warehouse,True,False,,0,0,10,0,0,0,0,0,False,True,UNKNOWN,UNCLASSIFIED
tests/test_import_football_data_uk.py,tests.test_import_football_data_uk,True,True,DIRECT_PYTHON_ENTRYPOINT,0,0,6,0,0,2,0,0,False,True,UNKNOWN,UNCLASSIFIED
tests/test_international_orientation_merge.py,tests.test_international_orientation_merge,True,False,,0,0,2,0,0,0,0,0,False,True,UNKNOWN,UNCLASSIFIED
tests/test_issue_current_fotmob_reviewed_source.py,tests.test_issue_current_fotmob_reviewed_source,True,False,,0,0,5,0,0,0,0,0,False,True,UNKNOWN,UNCLASSIFIED
tests/test_issue_current_fotmob_workflow_contract.py,tests.test_issue_current_fotmob_workflow_contract,True,False,,0,0,1,0,0,0,0,0,False,True,UNKNOWN,UNCLASSIFIED
tests/test_live_fotmob_fail_closed_capture.py,tests.test_live_fotmob_fail_closed_capture,True,False,,0,0,2,0,0,0,0,0,False,True,UNKNOWN,UNCLASSIFIED
tests/test_live_fotmob_fixture_intelligence.py,tests.test_live_fotmob_fixture_intelligence,True,False,,0,0,3,0,0,0,0,0,False,True,UNKNOWN,UNCLASSIFIED
tests/test_live_runtime_permanent_fixes.py,tests.test_live_runtime_permanent_fixes,True,False,,0,0,4,0,0,0,0,0,False,True,UNKNOWN,UNCLASSIFIED
tests/test_manage_fotmob_reviewed_fixture_catalog.py,tests.test_manage_fotmob_reviewed_fixture_catalog,True,False,,0,0,4,0,0,0,0,0,False,True,UNKNOWN,UNCLASSIFIED
tests/test_manage_fotmob_reviewed_fixture_catalog_preflight.py,tests.test_manage_fotmob_reviewed_fixture_catalog_preflight,True,False,,0,0,1,0,0,0,0,0,False,True,UNKNOWN,UNCLASSIFIED
tests/test_market_export_safety.py,tests.test_market_export_safety,True,True,DIRECT_PYTHON_ENTRYPOINT,0,0,6,0,0,0,0,0,False,True,UNKNOWN,UNCLASSIFIED
tests/test_market_router.py,tests.test_market_router,True,False,,0,0,5,0,0,0,0,0,False,True,UNKNOWN,UNCLASSIFIED
tests/test_market_router_trust_boundaries.py,tests.test_market_router_trust_boundaries,True,False,,0,0,7,0,0,0,0,0,False,True,UNKNOWN,UNCLASSIFIED
tests/test_market_router_v2_direct_provider.py,tests.test_market_router_v2_direct_provider,True,False,,1,0,9,0,0,0,1,0,False,False,UNKNOWN,UNCLASSIFIED
tests/test_market_router_v3_current_provider.py,tests.test_market_router_v3_current_provider,True,False,,1,0,9,0,0,0,1,0,False,False,UNKNOWN,UNCLASSIFIED
tests/test_openfootball_competition_identity.py,tests.test_openfootball_competition_identity,True,False,,0,0,1,0,0,0,0,0,False,True,UNKNOWN,UNCLASSIFIED
tests/test_portfolio_optimizer_v2_direct_provider.py,tests.test_portfolio_optimizer_v2_direct_provider,True,False,,0,0,10,0,0,0,0,0,False,True,UNKNOWN,UNCLASSIFIED
tests/test_portfolio_optimizer_v3_current_provider.py,tests.test_portfolio_optimizer_v3_current_provider,True,False,,1,0,7,0,0,0,1,0,False,False,UNKNOWN,UNCLASSIFIED
tests/test_pr306_partial_runtime_diagnostics.py,tests.test_pr306_partial_runtime_diagnostics,True,False,,0,0,3,0,0,0,0,0,False,True,UNKNOWN,UNCLASSIFIED
tests/test_pr69_formal_operational_invariance_qualification_protocol.py,tests.test_pr69_formal_operational_invariance_qualification_protocol,True,False,,0,0,2,0,0,0,0,0,False,True,UNKNOWN,UNCLASSIFIED
tests/test_pr69_primary_time_basis_evidence_acquisition_protocol.py,tests.test_pr69_primary_time_basis_evidence_acquisition_protocol,True,False,,0,0,1,0,0,0,0,0,False,True,UNKNOWN,UNCLASSIFIED
tests/test_pr69_primary_time_basis_evidence_acquisition_runner.py,tests.test_pr69_primary_time_basis_evidence_acquisition_runner,True,False,,0,0,3,0,0,0,0,0,False,True,UNKNOWN,UNCLASSIFIED
tests/test_pr69_primary_time_basis_evidence_campaign_execution_lane.py,tests.test_pr69_primary_time_basis_evidence_campaign_execution_lane,True,False,,0,0,0,0,0,0,0,0,False,True,UNKNOWN,UNCLASSIFIED
tests/test_pr69_primary_time_basis_evidence_campaign_execution_lane_v2.py,tests.test_pr69_primary_time_basis_evidence_campaign_execution_lane_v2,True,False,,0,0,0,0,0,0,0,0,False,True,UNKNOWN,UNCLASSIFIED
tests/test_pr69_primary_time_basis_semantic_qualification_v2.py,tests.test_pr69_primary_time_basis_semantic_qualification_v2,True,False,,0,0,1,0,0,0,0,0,False,True,UNKNOWN,UNCLASSIFIED
tests/test_pr69_primary_time_basis_verification_session.py,tests.test_pr69_primary_time_basis_verification_session,True,False,,0,0,3,0,0,0,0,0,False,True,UNKNOWN,UNCLASSIFIED
tests/test_pr69_source_local_time_basis_resolution_protocol.py,tests.test_pr69_source_local_time_basis_resolution_protocol,True,False,,0,0,1,0,0,0,0,0,False,True,UNKNOWN,UNCLASSIFIED
tests/test_pr69_source_local_time_basis_resolution_qualification.py,tests.test_pr69_source_local_time_basis_resolution_qualification,True,False,,0,0,1,0,0,0,0,0,False,True,UNKNOWN,UNCLASSIFIED
tests/test_prediction_postmatch_audit.py,tests.test_prediction_postmatch_audit,True,False,,0,0,3,0,0,1,0,0,False,True,UNKNOWN,UNCLASSIFIED
tests/test_price_all_v2_direct_provider.py,tests.test_price_all_v2_direct_provider,True,False,,2,0,10,0,0,0,2,0,False,False,UNKNOWN,UNCLASSIFIED
tests/test_price_all_v3_current_provider.py,tests.test_price_all_v3_current_provider,True,False,,0,0,6,0,0,0,0,0,False,True,UNKNOWN,UNCLASSIFIED
tests/test_price_all_value.py,tests.test_price_all_value,True,False,,0,0,9,0,0,0,0,0,False,True,UNKNOWN,UNCLASSIFIED
tests/test_price_all_value_sportybet_mapping.py,tests.test_price_all_value_sportybet_mapping,True,False,,0,0,3,0,0,0,0,0,False,True,UNKNOWN,UNCLASSIFIED
tests/test_prospective_successor_feature_construction_candidate.py,tests.test_prospective_successor_feature_construction_candidate,True,False,,0,0,3,0,0,0,0,0,False,True,UNKNOWN,UNCLASSIFIED
tests/test_prospective_successor_source_history_completeness_assessment.py,tests.test_prospective_successor_source_history_completeness_assessment,True,False,,0,0,2,0,0,0,0,0,False,True,UNKNOWN,UNCLASSIFIED
tests/test_prospective_successor_source_history_completeness_protocol.py,tests.test_prospective_successor_source_history_completeness_protocol,True,False,,0,0,2,0,0,0,0,0,False,True,UNKNOWN,UNCLASSIFIED
tests/test_reviewed_fixture_catalog_admission.py,tests.test_reviewed_fixture_catalog_admission,True,False,,0,0,7,0,0,0,0,0,False,True,UNKNOWN,UNCLASSIFIED
tests/test_reviewed_fixture_catalog_admission_artifact.py,tests.test_reviewed_fixture_catalog_admission_artifact,True,False,,0,0,8,0,0,0,0,0,False,True,UNKNOWN,UNCLASSIFIED
tests/test_reviewed_fixture_catalog_admission_artifact_revalidation.py,tests.test_reviewed_fixture_catalog_admission_artifact_revalidation,True,False,,0,0,2,0,0,0,0,0,False,True,UNKNOWN,UNCLASSIFIED
tests/test_reviewed_fixture_catalog_admission_source_replay.py,tests.test_reviewed_fixture_catalog_admission_source_replay,True,False,,0,0,7,0,0,0,0,0,False,True,UNKNOWN,UNCLASSIFIED
tests/test_reviewed_fixture_catalog_admission_source_replay_hardening.py,tests.test_reviewed_fixture_catalog_admission_source_replay_hardening,True,False,,0,0,8,0,0,0,0,0,False,True,UNKNOWN,UNCLASSIFIED
tests/test_reviewed_fixture_intelligence_bootstrap.py,tests.test_reviewed_fixture_intelligence_bootstrap,True,False,,0,0,9,0,0,0,0,0,False,True,UNKNOWN,UNCLASSIFIED
tests/test_reviewed_fixture_intelligence_bootstrap_artifact.py,tests.test_reviewed_fixture_intelligence_bootstrap_artifact,True,False,,0,0,10,0,0,0,0,0,False,True,UNKNOWN,UNCLASSIFIED
tests/test_reviewed_fixture_intelligence_bootstrap_artifact_detachment.py,tests.test_reviewed_fixture_intelligence_bootstrap_artifact_detachment,True,False,,0,0,1,0,0,0,0,0,False,True,UNKNOWN,UNCLASSIFIED
tests/test_reviewed_fixture_intelligence_bootstrap_resolution_revalidation.py,tests.test_reviewed_fixture_intelligence_bootstrap_resolution_revalidation,True,False,,0,0,3,0,0,0,0,0,False,True,UNKNOWN,UNCLASSIFIED
tests/test_run_fotmob_ordinary_ft_source_history_acquisition.py,tests.test_run_fotmob_ordinary_ft_source_history_acquisition,True,False,,0,0,3,0,0,0,0,0,False,True,UNKNOWN,UNCLASSIFIED
tests/test_run_fotmob_ordinary_ft_source_history_acquisition_request_start_timing.py,tests.test_run_fotmob_ordinary_ft_source_history_acquisition_request_start_timing,True,False,,0,0,2,0,0,0,0,0,False,True,UNKNOWN,UNCLASSIFIED
tests/test_runtime_safety_quarantine.py,tests.test_runtime_safety_quarantine,True,False,,0,0,3,0,0,0,0,0,False,True,UNKNOWN,UNCLASSIFIED
tests/test_saturday_2026_08_22_fixture_identity_review.py,tests.test_saturday_2026_08_22_fixture_identity_review,True,False,,0,0,3,0,0,0,0,0,False,True,UNKNOWN,UNCLASSIFIED
tests/test_saturday_2026_08_22_fixture_universe.py,tests.test_saturday_2026_08_22_fixture_universe,True,False,,0,0,4,0,0,0,0,0,False,True,UNKNOWN,UNCLASSIFIED
tests/test_saturday_2026_08_22_reviewed_fixture_catalog.py,tests.test_saturday_2026_08_22_reviewed_fixture_catalog,True,False,,0,0,4,0,0,0,0,0,False,True,UNKNOWN,UNCLASSIFIED
tests/test_score_matrix.py,tests.test_score_matrix,True,True,DIRECT_PYTHON_ENTRYPOINT,0,0,2,0,0,0,0,0,False,True,UNKNOWN,UNCLASSIFIED
tests/test_score_matrix_market_probabilities.py,tests.test_score_matrix_market_probabilities,True,True,DIRECT_PYTHON_ENTRYPOINT,0,0,8,0,0,0,0,0,False,True,UNKNOWN,UNCLASSIFIED
tests/test_score_matrix_settlement.py,tests.test_score_matrix_settlement,True,True,DIRECT_PYTHON_ENTRYPOINT,0,0,2,0,0,0,0,0,False,True,UNKNOWN,UNCLASSIFIED
tests/test_send_current_shadow_email.py,tests.test_send_current_shadow_email,True,False,,0,0,1,0,2,0,0,0,False,True,UNKNOWN,UNCLASSIFIED
tests/test_sportradar_user_controlled_event_metadata.py,tests.test_sportradar_user_controlled_event_metadata,True,False,,0,0,5,0,0,0,0,0,False,True,UNKNOWN,UNCLASSIFIED
tests/test_sportradar_user_controlled_event_metadata_hardening.py,tests.test_sportradar_user_controlled_event_metadata_hardening,True,False,,0,0,5,0,0,0,0,0,False,True,UNKNOWN,UNCLASSIFIED
tests/test_sportybet_current_event_discovery_reconciliation.py,tests.test_sportybet_current_event_discovery_reconciliation,True,False,,0,0,8,0,0,0,0,0,False,True,UNKNOWN,UNCLASSIFIED
tests/test_sportybet_direct_market_probe.py,tests.test_sportybet_direct_market_probe,True,False,,0,0,1,0,0,0,0,0,False,True,UNKNOWN,UNCLASSIFIED
tests/test_sportybet_direct_share_bridge.py,tests.test_sportybet_direct_share_bridge,True,False,,0,0,1,0,0,0,0,0,False,True,UNKNOWN,UNCLASSIFIED
tests/test_sportybet_early_payout_settlement.py,tests.test_sportybet_early_payout_settlement,True,False,,0,0,2,0,0,0,0,0,False,True,UNKNOWN,UNCLASSIFIED
tests/test_sportybet_event_local_time_basis.py,tests.test_sportybet_event_local_time_basis,True,False,,0,0,4,0,0,0,0,0,False,True,UNKNOWN,UNCLASSIFIED
tests/test_sportybet_event_local_time_basis_hardening.py,tests.test_sportybet_event_local_time_basis_hardening,True,False,,0,0,4,0,0,0,0,0,False,True,UNKNOWN,UNCLASSIFIED
tests/test_sportybet_fotmob_fixture_reconciliation.py,tests.test_sportybet_fotmob_fixture_reconciliation,True,False,,0,0,4,0,0,0,0,0,False,True,UNKNOWN,UNCLASSIFIED
tests/test_sportybet_fotmob_full_utc_reconciliation.py,tests.test_sportybet_fotmob_full_utc_reconciliation,True,False,,0,0,15,0,0,0,0,0,False,True,UNKNOWN,UNCLASSIFIED
tests/test_sportybet_fotmob_full_utc_reconciliation_hardening.py,tests.test_sportybet_fotmob_full_utc_reconciliation_hardening,True,False,,0,0,16,0,0,0,0,0,False,True,UNKNOWN,UNCLASSIFIED
tests/test_sportybet_fotmob_full_utc_reconciliation_receipt.py,tests.test_sportybet_fotmob_full_utc_reconciliation_receipt,True,False,,0,0,1,0,0,0,0,0,False,True,UNKNOWN,UNCLASSIFIED
tests/test_sportybet_fotmob_full_utc_reconciliation_receipt_hardening.py,tests.test_sportybet_fotmob_full_utc_reconciliation_receipt_hardening,True,False,,0,0,1,0,0,0,0,0,False,True,UNKNOWN,UNCLASSIFIED
tests/test_sportybet_fotmob_partial_calendar_reconciliation.py,tests.test_sportybet_fotmob_partial_calendar_reconciliation,True,False,,0,0,6,0,0,0,0,0,False,True,UNKNOWN,UNCLASSIFIED
tests/test_sportybet_fotmob_partial_calendar_reconciliation_hardening.py,tests.test_sportybet_fotmob_partial_calendar_reconciliation_hardening,True,False,,0,0,2,0,0,0,0,0,False,True,UNKNOWN,UNCLASSIFIED
tests/test_sportybet_live_event_quote_evidence.py,tests.test_sportybet_live_event_quote_evidence,True,False,,0,0,6,0,0,0,0,0,False,True,UNKNOWN,UNCLASSIFIED
tests/test_sportybet_live_source_capture_hardening.py,tests.test_sportybet_live_source_capture_hardening,True,False,,0,0,2,0,0,0,0,0,False,True,UNKNOWN,UNCLASSIFIED
tests/test_sportybet_live_source_evidence.py,tests.test_sportybet_live_source_evidence,True,False,,0,0,4,0,0,0,0,0,False,True,UNKNOWN,UNCLASSIFIED
tests/test_sportybet_machine_event_header_candidate.py,tests.test_sportybet_machine_event_header_candidate,True,False,,0,0,3,0,0,0,0,0,False,True,UNKNOWN,UNCLASSIFIED
tests/test_sportybet_official_time_semantics.py,tests.test_sportybet_official_time_semantics,True,False,,0,0,2,0,0,0,0,0,False,True,UNKNOWN,UNCLASSIFIED
tests/test_sportybet_official_time_semantics_hardening.py,tests.test_sportybet_official_time_semantics_hardening,True,False,,0,0,1,0,0,0,0,0,False,True,UNKNOWN,UNCLASSIFIED
tests/test_sportybet_price_all_direct_provider_quote_adapter.py,tests.test_sportybet_price_all_direct_provider_quote_adapter,True,False,,0,0,8,0,0,0,0,0,False,True,UNKNOWN,UNCLASSIFIED
tests/test_sportybet_reviewed_canonical_market_mapping.py,tests.test_sportybet_reviewed_canonical_market_mapping,True,False,,0,0,6,0,0,0,0,0,False,True,UNKNOWN,UNCLASSIFIED
tests/test_sportybet_semantic_share_bridge.py,tests.test_sportybet_semantic_share_bridge,True,False,,0,0,1,0,0,0,0,0,False,True,UNKNOWN,UNCLASSIFIED
tests/test_sportybet_sportradar_event_identity.py,tests.test_sportybet_sportradar_event_identity,True,False,,0,0,5,0,0,0,0,0,False,True,UNKNOWN,UNCLASSIFIED
tests/test_sportybet_sportradar_event_identity_hardening.py,tests.test_sportybet_sportradar_event_identity_hardening,True,False,,0,0,4,0,0,0,0,0,False,True,UNKNOWN,UNCLASSIFIED
tests/test_sportybet_sportradar_kickoff_identity_promotion.py,tests.test_sportybet_sportradar_kickoff_identity_promotion,True,False,,0,0,8,0,0,0,0,0,False,True,UNKNOWN,UNCLASSIFIED
tests/test_sportybet_sportradar_kickoff_identity_promotion_hardening.py,tests.test_sportybet_sportradar_kickoff_identity_promotion_hardening,True,False,,0,0,8,0,0,0,0,0,False,True,UNKNOWN,UNCLASSIFIED
tests/test_sportybet_user_controlled_evidence.py,tests.test_sportybet_user_controlled_evidence,True,False,,0,0,2,0,0,0,0,0,False,True,UNKNOWN,UNCLASSIFIED
tests/test_sportybet_user_controlled_native_inventory.py,tests.test_sportybet_user_controlled_native_inventory,True,False,,0,0,3,0,0,0,0,0,False,True,UNKNOWN,UNCLASSIFIED
tests/test_successor_live_input_semantic_qualification_execution.py,tests.test_successor_live_input_semantic_qualification_execution,True,False,,0,0,2,0,0,0,0,0,False,True,UNKNOWN,UNCLASSIFIED
tests/test_successor_live_input_semantic_qualification_protocol.py,tests.test_successor_live_input_semantic_qualification_protocol,True,False,,0,0,1,0,0,0,0,0,False,True,UNKNOWN,UNCLASSIFIED
tests/test_tactical_identity.py,tests.test_tactical_identity,True,False,,0,0,4,0,0,0,0,0,False,True,UNKNOWN,UNCLASSIFIED
tests/test_uefa_competition_stage.py,tests.test_uefa_competition_stage,True,False,,0,0,2,0,0,0,0,0,False,True,UNKNOWN,UNCLASSIFIED
tests/test_uefa_competition_stage_openfootball_labels.py,tests.test_uefa_competition_stage_openfootball_labels,True,False,,0,0,1,0,0,0,0,0,False,True,UNKNOWN,UNCLASSIFIED
tests/test_validate_fotmob_utc_native_expected_goals_model_cli.py,tests.test_validate_fotmob_utc_native_expected_goals_model_cli,True,False,,0,0,2,0,1,0,0,0,False,True,UNKNOWN,UNCLASSIFIED
tests/test_win_either_half_benchmarks.py,tests.test_win_either_half_benchmarks,True,True,DIRECT_PYTHON_ENTRYPOINT,0,0,11,0,0,4,0,0,False,True,UNKNOWN,UNCLASSIFIED
tests/test_win_either_half_calibration.py,tests.test_win_either_half_calibration,True,True,DIRECT_PYTHON_ENTRYPOINT,0,0,6,0,0,2,0,0,False,True,UNKNOWN,UNCLASSIFIED
tests/test_win_either_half_campaign_commitment.py,tests.test_win_either_half_campaign_commitment,True,True,DIRECT_PYTHON_ENTRYPOINT,0,0,6,0,0,11,0,0,False,True,UNKNOWN,UNCLASSIFIED
tests/test_win_either_half_capture_campaign.py,tests.test_win_either_half_capture_campaign,True,True,DIRECT_PYTHON_ENTRYPOINT,0,0,4,0,0,1,0,0,False,True,UNKNOWN,UNCLASSIFIED
tests/test_win_either_half_features.py,tests.test_win_either_half_features,True,True,DIRECT_PYTHON_ENTRYPOINT,0,0,9,0,0,5,0,0,False,True,UNKNOWN,UNCLASSIFIED
tests/test_win_either_half_inference.py,tests.test_win_either_half_inference,True,True,DIRECT_PYTHON_ENTRYPOINT,0,0,5,0,0,0,0,0,False,True,UNKNOWN,UNCLASSIFIED
tests/test_win_either_half_pricing_evidence.py,tests.test_win_either_half_pricing_evidence,True,True,DIRECT_PYTHON_ENTRYPOINT,0,0,4,0,0,2,0,0,False,True,UNKNOWN,UNCLASSIFIED
tests/test_win_either_half_pricing_source_qualification.py,tests.test_win_either_half_pricing_source_qualification,True,True,DIRECT_PYTHON_ENTRYPOINT,0,0,4,0,0,4,0,0,False,True,UNKNOWN,UNCLASSIFIED
tests/test_win_either_half_prospective_replay.py,tests.test_win_either_half_prospective_replay,True,True,DIRECT_PYTHON_ENTRYPOINT,0,0,5,0,0,2,0,0,False,True,UNKNOWN,UNCLASSIFIED
tests/test_win_either_half_research.py,tests.test_win_either_half_research,True,True,DIRECT_PYTHON_ENTRYPOINT,0,0,8,0,0,4,0,0,False,True,UNKNOWN,UNCLASSIFIED
tools/backtest.py,tools.backtest,False,True,DIRECT_PYTHON_ENTRYPOINT,0,0,9,0,0,0,0,0,False,True,UNKNOWN,UNCLASSIFIED
tools/backtester.py,tools.backtester,False,True,ARGPARSE_ENTRYPOINT|DIRECT_PYTHON_ENTRYPOINT,0,0,3,0,0,0,0,0,False,True,UNKNOWN,UNCLASSIFIED
tools/model_improver.py,tools.model_improver,False,True,DIRECT_PYTHON_ENTRYPOINT,0,0,2,0,0,0,0,0,False,True,UNKNOWN,UNCLASSIFIED
tools/team_merger.py,tools.team_merger,False,True,DIRECT_PYTHON_ENTRYPOINT,0,0,1,0,0,0,0,0,False,True,UNKNOWN,UNCLASSIFIED
tools/train_model.py,tools.train_model,False,True,DIRECT_PYTHON_ENTRYPOINT,1,1,1,0,0,0,0,0,False,False,UNKNOWN,UNCLASSIFIED
workers/api_loader.py,workers.api_loader,False,False,,1,1,6,0,0,0,0,0,False,False,UNKNOWN,UNCLASSIFIED
workers/bookie_automator.py,workers.bookie_automator,False,False,,2,1,1,0,0,0,1,0,False,False,UNKNOWN,UNCLASSIFIED
workers/fotmob_advanced_scraper.py,workers.fotmob_advanced_scraper,False,True,DIRECT_PYTHON_ENTRYPOINT,7,3,4,0,0,0,4,1,True,False,UNKNOWN,UNCLASSIFIED
workers/fotmob_bypass_client.py,workers.fotmob_bypass_client,False,False,,3,2,0,0,0,0,1,1,True,False,UNKNOWN,UNCLASSIFIED
workers/fotmob_date_historical_loader.py,workers.fotmob_date_historical_loader,False,True,DIRECT_PYTHON_ENTRYPOINT,0,0,0,0,0,0,0,0,False,True,UNKNOWN,UNCLASSIFIED
workers/fotmob_historical_direct.py,workers.fotmob_historical_direct,False,True,DIRECT_PYTHON_ENTRYPOINT,0,0,0,0,0,0,0,0,False,True,UNKNOWN,UNCLASSIFIED
workers/fotmob_historical_loader.py,workers.fotmob_historical_loader,False,True,DIRECT_PYTHON_ENTRYPOINT,0,0,0,0,0,0,0,0,False,True,UNKNOWN,UNCLASSIFIED
workers/fotmob_league_historical_loader.py,workers.fotmob_league_historical_loader,False,True,DIRECT_PYTHON_ENTRYPOINT,0,0,0,0,0,0,0,0,False,True,UNKNOWN,UNCLASSIFIED
workers/fotmob_loader.py,workers.fotmob_loader,False,True,DIRECT_PYTHON_ENTRYPOINT,0,0,0,0,0,0,0,0,False,True,UNKNOWN,UNCLASSIFIED
workers/historical_results_loader.py,workers.historical_results_loader,False,True,ARGPARSE_ENTRYPOINT|DIRECT_PYTHON_ENTRYPOINT,1,0,8,0,0,0,1,0,False,False,UNKNOWN,UNCLASSIFIED
workers/historical_scraper.py,workers.historical_scraper,False,True,DIRECT_PYTHON_ENTRYPOINT,0,0,1,0,0,0,0,0,False,True,UNKNOWN,UNCLASSIFIED
workers/openfootball_loader.py,workers.openfootball_loader,False,True,DIRECT_PYTHON_ENTRYPOINT,2,2,4,0,0,0,0,1,True,False,UNKNOWN,UNCLASSIFIED
